long_uh,larg_uh,nb_motifs,nb_unit,larg_rill,seuil_min,seuil_conv,rugo_strickler,sdr_max,ruissel_max,aggrstab,mwd,k_euro,surf_couvert,haut_canopee,coh,d50_sed,dens_sed,visc_fluide,dens_fluide,coeff_phi,pente_uh,aire_uh
41.007299270073,137,1,1,1,0.001,1e-06,5,0.25,50,8,6e-04,0.3,0.15,0.8,4,1e-05,2.65,1e-06,1,0.02,0.078619,5618
24.6309523809524,168,1,1,1,0.001,1e-06,5,0.25,50,8,6e-04,0.3,0.15,0.8,4,1e-05,2.65,1e-06,1,0.02,0.082724,4138
165.211764705882,170,1,1,1,0.001,1e-06,5,0.25,50,8,6e-04,0.3,0.15,0.8,4,1e-05,2.65,1e-06,1,0.02,0.041196,28086
105.555555555556,72,1,1,1,0.001,1e-06,5,0.25,50,8,6e-04,0.3,0.15,0.8,4,1e-05,2.65,1e-06,1,0.02,0.039321,7600
17.8611111111111,72,1,1,1,0.001,1e-06,5,0.25,50,8,6e-04,0.3,0.15,0.8,4,1e-05,2.65,1e-06,1,0.02,0.089511,1286
152.298611111111,576,4,1,1,0.001,1e-06,5,0.25,50,8,6e-04,0.3,0.15,0.8,4,1e-05,2.65,1e-06,1,0.02,0.016586,87724
75.4815950920245,652,1,1,1,0.001,1e-06,5,0.25,50,8,6e-04,0.3,0.15,0.8,4,1e-05,2.65,1e-06,1,0.02,0.018782,49214
167.54999253954,167.54999253954,2,1,1,0.001,1e-06,5,0.25,50,8,6e-04,0.3,0.15,0.8,4,1e-05,2.65,1e-06,1,0.02,0.016163,28073
85.2642487046632,579,1,1,1,0.001,1e-06,5,0.25,50,8,6e-04,0.3,0.15,0.8,4,1e-05,2.65,1e-06,1,0.02,0.04025,49368
62.8864027538726,581,2,1,1,0.001,1e-06,5,0.25,50,8,6e-04,0.3,0.15,0.8,4,1e-05,2.65,1e-06,1,0.02,0.051068,36537
58.7567567567568,74,1,1,1,0.001,1e-06,5,0.25,50,8,6e-04,0.3,0.15,0.8,4,1e-05,2.65,1e-06,1,0.02,0.057578,4348
80.3241379310345,145,1,1,1,0.001,1e-06,5,0.25,50,8,6e-04,0.3,0.15,0.8,4,1e-05,2.65,1e-06,1,0.02,0.050051,11647
179.602739726027,146,1,1,1,0.001,1e-06,5,0.25,50,8,6e-04,0.3,0.15,0.8,4,1e-05,2.65,1e-06,1,0.02,0.019419,26222
158.117045254457,158.117045254457,1,1,1,0.001,1e-06,5,0.25,50,8,6e-04,0.3,0.15,0.8,4,1e-05,2.65,1e-06,1,0.02,0.035797,25001
7.84615384615385,13,1,1,1,0.001,1e-06,5,0.25,50,8,6e-04,0.3,0.15,0.8,4,1e-05,2.65,1e-06,1,0.02,0.03533,102
160.900590427754,160.900590427754,1,1,1,0.001,1e-06,5,0.25,50,8,6e-04,0.3,0.15,0.8,4,1e-05,2.65,1e-06,1,0.02,0.014331,25889
40.3,80,1,1,1,0.001,1e-06,5,0.25,50,8,6e-04,0.3,0.15,0.8,4,1e-05,2.65,1e-06,1,0.02,0.074846,3224
46.8110236220472,127,1,1,1,0.001,1e-06,5,0.25,50,8,6e-04,0.3,0.15,0.8,4,1e-05,2.65,1e-06,1,0.02,0.061716,5945
151.692913385827,127,1,1,1,0.001,1e-06,5,0.25,50,8,6e-04,0.3,0.15,0.8,4,1e-05,2.65,1e-06,1,0.02,0.058059,19265
21.9668874172185,151,1,1,1,0.001,1e-06,5,0.25,50,8,6e-04,0.3,0.15,0.8,4,1e-05,2.65,1e-06,1,0.02,0.097562,3317
142.816993464052,153,1,1,1,0.001,1e-06,5,0.25,50,8,6e-04,0.3,0.15,0.8,4,1e-05,2.65,1e-06,1,0.02,0.030243,21851
92.3869047619048,168,1,1,1,0.001,1e-06,5,0.25,50,8,6e-04,0.3,0.15,0.8,4,1e-05,2.65,1e-06,1,0.02,0.045106,15521
32.0233918128655,171,1,1,1,0.001,1e-06,5,0.25,50,8,6e-04,0.3,0.15,0.8,4,1e-05,2.65,1e-06,1,0.02,0.085122,5476
16.9295774647887,71,1,1,1,0.001,1e-06,5,0.25,50,8,6e-04,0.3,0.15,0.8,4,1e-05,2.65,1e-06,1,0.02,0.080943,1202
316.150684931507,73,1,1,1,0.001,1e-06,5,0.25,50,8,6e-04,0.3,0.15,0.8,4,1e-05,2.65,1e-06,1,0.02,0.03236,23079
283.649635036496,137,3,1,1,0.001,1e-06,5,0.25,50,8,6e-04,0.3,0.15,0.8,4,1e-05,2.65,1e-06,1,0.02,0.017853,38860
216.898550724638,138,1,1,1,0.001,1e-06,5,0.25,50,8,6e-04,0.3,0.15,0.8,4,1e-05,2.65,1e-06,1,0.02,0.021386,29932
67.2429906542056,107,1,1,1,0.001,1e-06,5,0.25,50,8,6e-04,0.3,0.15,0.8,4,1e-05,2.65,1e-06,1,0.02,0.035021,7195
110.018518518519,108,1,1,1,0.001,1e-06,5,0.25,50,8,6e-04,0.3,0.15,0.8,4,1e-05,2.65,1e-06,1,0.02,0.024246,11882
104.639534883721,688,4,1,1,0.001,1e-06,5,0.25,50,8,6e-04,0.3,0.15,0.8,4,1e-05,2.65,1e-06,1,0.02,0.021483,71992
119.328550932568,697,6,1,1,0.001,1e-06,5,0.25,50,8,6e-04,0.3,0.15,0.8,4,1e-05,2.65,1e-06,1,0.02,0.033098,83172
204.215572373901,204.215572373901,2,1,1,0.001,1e-06,5,0.25,50,8,6e-04,0.3,0.15,0.8,4,1e-05,2.65,1e-06,1,0.02,0.017058,41704
8.4,5,1,1,1,0.001,1e-06,5,0.25,50,8,6e-04,0.3,0.15,0.8,4,1e-05,2.65,1e-06,1,0.02,0.082407,42
8,7,1,1,1,0.001,1e-06,5,0.25,50,8,6e-04,0.3,0.15,0.8,4,1e-05,2.65,1e-06,1,0.02,0.057434,56
162.92329483533,162.92329483533,1,1,1,0.001,1e-06,5,0.25,50,8,6e-04,0.3,0.15,0.8,4,1e-05,2.65,1e-06,1,0.02,0.014855,26544
43.3488372093023,215,1,1,1,0.001,1e-06,5,0.25,50,8,6e-04,0.3,0.15,0.8,4,1e-05,2.65,1e-06,1,0.02,0.013733,9320
33.8215962441315,213,1,1,1,0.001,1e-06,5,0.25,50,8,6e-04,0.3,0.15,0.8,4,1e-05,2.65,1e-06,1,0.02,0.020134,7204
169.475661969499,169.475661969499,1,1,1,0.001,1e-06,5,0.25,50,8,6e-04,0.3,0.15,0.8,4,1e-05,2.65,1e-06,1,0.02,0.032431,28722
67.7675507020281,641,1,1,1,0.001,1e-06,5,0.25,50,8,6e-04,0.3,0.15,0.8,4,1e-05,2.65,1e-06,1,0.02,0.01915,43439
61.6180665610143,631,1,1,1,0.001,1e-06,5,0.25,50,8,6e-04,0.3,0.15,0.8,4,1e-05,2.65,1e-06,1,0.02,0.015112,38881
158.158148699332,158.158148699332,1,1,1,0.001,1e-06,5,0.25,50,8,6e-04,0.3,0.15,0.8,4,1e-05,2.65,1e-06,1,0.02,0.020561,25014
52.3102310231023,606,1,1,1,0.001,1e-06,5,0.25,50,8,6e-04,0.3,0.15,0.8,4,1e-05,2.65,1e-06,1,0.02,0.022271,31700
39.4311475409836,610,1,1,1,0.001,1e-06,5,0.25,50,8,6e-04,0.3,0.15,0.8,4,1e-05,2.65,1e-06,1,0.02,0.02584,24053
195.181966380094,195.181966380094,2,1,1,0.001,1e-06,5,0.25,50,8,6e-04,0.3,0.15,0.8,4,1e-05,2.65,1e-06,1,0.02,0.015883,38096
57.2140957446809,752,4,1,1,0.001,1e-06,5,0.25,50,8,6e-04,0.3,0.15,0.8,4,1e-05,2.65,1e-06,1,0.02,0.065459,43025
67.812,750,3,1,1,0.001,1e-06,5,0.25,50,8,6e-04,0.3,0.15,0.8,4,1e-05,2.65,1e-06,1,0.02,0.046775,50859
21.3345588235294,272,1,1,1,0.001,1e-06,5,0.25,50,8,6e-04,0.3,0.15,0.8,4,1e-05,2.65,1e-06,1,0.02,0.09544,5803
32.4538745387454,271,1,1,1,0.001,1e-06,5,0.25,50,8,6e-04,0.3,0.15,0.8,4,1e-05,2.65,1e-06,1,0.02,0.104078,8795
91.009842519685,508,3,1,1,0.001,1e-06,5,0.25,50,8,6e-04,0.3,0.15,0.8,4,1e-05,2.65,1e-06,1,0.02,0.041786,46233
134.73031496063,508,4,1,1,0.001,1e-06,5,0.25,50,8,6e-04,0.3,0.15,0.8,4,1e-05,2.65,1e-06,1,0.02,0.034663,68443
42.0689655172414,145,1,1,1,0.001,1e-06,5,0.25,50,8,6e-04,0.3,0.15,0.8,4,1e-05,2.65,1e-06,1,0.02,0.06008,6100
340.48275862069,145,2,1,1,0.001,1e-06,5,0.25,50,8,6e-04,0.3,0.15,0.8,4,1e-05,2.65,1e-06,1,0.02,0.027445,49370
180.617021276596,141,1,1,1,0.001,1e-06,5,0.25,50,8,6e-04,0.3,0.15,0.8,4,1e-05,2.65,1e-06,1,0.02,0.025343,25467
266.285714285714,140,3,1,1,0.001,1e-06,5,0.25,50,8,6e-04,0.3,0.15,0.8,4,1e-05,2.65,1e-06,1,0.02,0.044592,37280
29.4468085106383,47,1,1,1,0.001,1e-06,5,0.25,50,8,6e-04,0.3,0.15,0.8,4,1e-05,2.65,1e-06,1,0.02,0.073576,1384
105.701807228916,332,3,1,1,0.001,1e-06,5,0.25,50,8,6e-04,0.3,0.15,0.8,4,1e-05,2.65,1e-06,1,0.02,0.028319,35093
123.517964071856,334,5,1,1,0.001,1e-06,5,0.25,50,8,6e-04,0.3,0.15,0.8,4,1e-05,2.65,1e-06,1,0.02,0.037127,41255
9.62162162162162,37,1,1,1,0.001,1e-06,5,0.25,50,8,6e-04,0.3,0.15,0.8,4,1e-05,2.65,1e-06,1,0.02,0.149067,356
7.76744186046512,86,1,1,1,0.001,1e-06,5,0.25,50,8,6e-04,0.3,0.15,0.8,4,1e-05,2.65,1e-06,1,0.02,0.16722,668
14.4756097560976,82,1,1,1,0.001,1e-06,5,0.25,50,8,6e-04,0.3,0.15,0.8,4,1e-05,2.65,1e-06,1,0.02,0.094569,1187
7.42168674698795,83,1,1,1,0.001,1e-06,5,0.25,50,8,6e-04,0.3,0.15,0.8,4,1e-05,2.65,1e-06,1,0.02,0.198431,616
14.0533333333333,75,1,1,1,0.001,1e-06,5,0.25,50,8,6e-04,0.3,0.15,0.8,4,1e-05,2.65,1e-06,1,0.02,0.119506,1054
38.0961538461538,156,1,1,1,0.001,1e-06,5,0.25,50,8,6e-04,0.3,0.15,0.8,4,1e-05,2.65,1e-06,1,0.02,0.058063,5943
27.5354838709677,155,1,1,1,0.001,1e-06,5,0.25,50,8,6e-04,0.3,0.15,0.8,4,1e-05,2.65,1e-06,1,0.02,0.074077,4268
56.5714285714286,154,1,1,1,0.001,1e-06,5,0.25,50,8,6e-04,0.3,0.15,0.8,4,1e-05,2.65,1e-06,1,0.02,0.05835,8712
38.8961038961039,154,1,1,1,0.001,1e-06,5,0.25,50,8,6e-04,0.3,0.15,0.8,4,1e-05,2.65,1e-06,1,0.02,0.052781,5990
33.8172043010753,93,1,1,1,0.001,1e-06,5,0.25,50,8,6e-04,0.3,0.15,0.8,4,1e-05,2.65,1e-06,1,0.02,0.067517,3145
218.129032258065,93,1,1,1,0.001,1e-06,5,0.25,50,8,6e-04,0.3,0.15,0.8,4,1e-05,2.65,1e-06,1,0.02,0.016309,20286
165.380165289256,242,2,1,1,0.001,1e-06,5,0.25,50,8,6e-04,0.3,0.15,0.8,4,1e-05,2.65,1e-06,1,0.02,0.019952,40022
31.1683168316832,101,1,1,1,0.001,1e-06,5,0.25,50,8,6e-04,0.3,0.15,0.8,4,1e-05,2.65,1e-06,1,0.02,0.04352,3148
30.0018450184502,542,1,1,1,0.001,1e-06,5,0.25,50,8,6e-04,0.3,0.15,0.8,4,1e-05,2.65,1e-06,1,0.02,0.074364,16261
88.8056074766355,535,3,1,1,0.001,1e-06,5,0.25,50,8,6e-04,0.3,0.15,0.8,4,1e-05,2.65,1e-06,1,0.02,0.028262,47511
143.244234800839,954,8,1,1,0.001,1e-06,5,0.25,50,8,6e-04,0.3,0.15,0.8,4,1e-05,2.65,1e-06,1,0.02,0.025545,136655
147.735112936345,974,7,1,1,0.001,1e-06,5,0.25,50,8,6e-04,0.3,0.15,0.8,4,1e-05,2.65,1e-06,1,0.02,0.020543,143894
165.38742394753,165.38742394753,2,1,1,0.001,1e-06,5,0.25,50,8,6e-04,0.3,0.15,0.8,4,1e-05,2.65,1e-06,1,0.02,0.045926,27353
72.0456942003515,569,1,1,1,0.001,1e-06,5,0.25,50,8,6e-04,0.3,0.15,0.8,4,1e-05,2.65,1e-06,1,0.02,0.029369,40994
74.4006791171477,589,1,1,1,0.001,1e-06,5,0.25,50,8,6e-04,0.3,0.15,0.8,4,1e-05,2.65,1e-06,1,0.02,0.024727,43822
169.997058798086,169.997058798086,2,1,1,0.001,1e-06,5,0.25,50,8,6e-04,0.3,0.15,0.8,4,1e-05,2.65,1e-06,1,0.02,0.026904,28899
68.5178571428571,56,1,1,1,0.001,1e-06,5,0.25,50,8,6e-04,0.3,0.15,0.8,4,1e-05,2.65,1e-06,1,0.02,0.016282,3837
36.1428571428571,56,1,1,1,0.001,1e-06,5,0.25,50,8,6e-04,0.3,0.15,0.8,4,1e-05,2.65,1e-06,1,0.02,0.015311,2024
164.784708028385,164.784708028385,1,1,1,0.001,1e-06,5,0.25,50,8,6e-04,0.3,0.15,0.8,4,1e-05,2.65,1e-06,1,0.02,0.018518,27154
38.3054545454545,275,1,1,1,0.001,1e-06,5,0.25,50,8,6e-04,0.3,0.15,0.8,4,1e-05,2.65,1e-06,1,0.02,0.019659,10534
108.588028169014,284,2,1,1,0.001,1e-06,5,0.25,50,8,6e-04,0.3,0.15,0.8,4,1e-05,2.65,1e-06,1,0.02,0.01987,30839
161.00931650063,161.00931650063,1,1,1,0.001,1e-06,5,0.25,50,8,6e-04,0.3,0.15,0.8,4,1e-05,2.65,1e-06,1,0.02,0.016576,25924
29.4903846153846,104,1,1,1,0.001,1e-06,5,0.25,50,8,6e-04,0.3,0.15,0.8,4,1e-05,2.65,1e-06,1,0.02,0.024545,3067
27.8640776699029,103,1,1,1,0.001,1e-06,5,0.25,50,8,6e-04,0.3,0.15,0.8,4,1e-05,2.65,1e-06,1,0.02,0.021807,2870
158.120207437253,158.120207437253,1,1,1,0.001,1e-06,5,0.25,50,8,6e-04,0.3,0.15,0.8,4,1e-05,2.65,1e-06,1,0.02,0.017768,25002
28.3941605839416,274,1,1,1,0.001,1e-06,5,0.25,50,8,6e-04,0.3,0.15,0.8,4,1e-05,2.65,1e-06,1,0.02,0.017186,7780
17.6462093862816,277,1,1,1,0.001,1e-06,5,0.25,50,8,6e-04,0.3,0.15,0.8,4,1e-05,2.65,1e-06,1,0.02,0.017464,4888
47.1401869158879,107,1,1,1,0.001,1e-06,5,0.25,50,8,6e-04,0.3,0.15,0.8,4,1e-05,2.65,1e-06,1,0.02,0.015252,5044
35.969387755102,98,1,1,1,0.001,1e-06,5,0.25,50,8,6e-04,0.3,0.15,0.8,4,1e-05,2.65,1e-06,1,0.02,0.011223,3525
159.216833280907,159.216833280907,1,1,1,0.001,1e-06,5,0.25,50,8,6e-04,0.3,0.15,0.8,4,1e-05,2.65,1e-06,1,0.02,0.01703,25350
1,3,1,1,1,0.001,1e-06,5,0.25,50,8,6e-04,0.3,0.15,0.8,4,1e-05,2.65,1e-06,1,0.02,0.007805,3
11.5,2,1,1,1,0.001,1e-06,5,0.25,50,8,6e-04,0.3,0.15,0.8,4,1e-05,2.65,1e-06,1,0.02,0.014739,23
21.8928571428571,28,1,1,1,0.001,1e-06,5,0.25,50,8,6e-04,0.3,0.15,0.8,4,1e-05,2.65,1e-06,1,0.02,0.019491,613
22.258064516129,31,1,1,1,0.001,1e-06,5,0.25,50,8,6e-04,0.3,0.15,0.8,4,1e-05,2.65,1e-06,1,0.02,0.01679,690
159.176003216565,159.176003216565,1,1,1,0.001,1e-06,5,0.25,50,8,6e-04,0.3,0.15,0.8,4,1e-05,2.65,1e-06,1,0.02,0.013121,25337
4.94505494505495,91,1,1,1,0.001,1e-06,5,0.25,50,8,6e-04,0.3,0.15,0.8,4,1e-05,2.65,1e-06,1,0.02,0.115184,450
37.990099009901,101,1,1,1,0.001,1e-06,5,0.25,50,8,6e-04,0.3,0.15,0.8,4,1e-05,2.65,1e-06,1,0.02,0.028822,3837
176.507790196354,176.507790196354,2,1,1,0.001,1e-06,5,0.25,50,8,6e-04,0.3,0.15,0.8,4,1e-05,2.65,1e-06,1,0.02,0.028408,31155
26.5754985754986,351,1,1,1,0.001,1e-06,5,0.25,50,8,6e-04,0.3,0.15,0.8,4,1e-05,2.65,1e-06,1,0.02,0.082104,9328
27.8991354466859,347,1,1,1,0.001,1e-06,5,0.25,50,8,6e-04,0.3,0.15,0.8,4,1e-05,2.65,1e-06,1,0.02,0.08201,9681
6.65909090909091,44,1,1,1,0.001,1e-06,5,0.25,50,8,6e-04,0.3,0.15,0.8,4,1e-05,2.65,1e-06,1,0.02,0.170799,293
12.1111111111111,45,1,1,1,0.001,1e-06,5,0.25,50,8,6e-04,0.3,0.15,0.8,4,1e-05,2.65,1e-06,1,0.02,0.115566,545
9.5,2,1,1,1,0.001,1e-06,5,0.25,50,8,6e-04,0.3,0.15,0.8,4,1e-05,2.65,1e-06,1,0.02,0.160268,19
4.55555555555556,9,1,1,1,0.001,1e-06,5,0.25,50,8,6e-04,0.3,0.15,0.8,4,1e-05,2.65,1e-06,1,0.02,0.215872,41
10.8016194331984,247,1,1,1,0.001,1e-06,5,0.25,50,8,6e-04,0.3,0.15,0.8,4,1e-05,2.65,1e-06,1,0.02,0.100443,2668
36.6653225806452,248,1,1,1,0.001,1e-06,5,0.25,50,8,6e-04,0.3,0.15,0.8,4,1e-05,2.65,1e-06,1,0.02,0.038055,9093
65.5818181818182,55,1,1,1,0.001,1e-06,5,0.25,50,8,6e-04,0.3,0.15,0.8,4,1e-05,2.65,1e-06,1,0.02,0.044007,3607
6.64285714285714,56,1,1,1,0.001,1e-06,5,0.25,50,8,6e-04,0.3,0.15,0.8,4,1e-05,2.65,1e-06,1,0.02,0.15248,372
5,6,1,1,1,0.001,1e-06,5,0.25,50,8,6e-04,0.3,0.15,0.8,4,1e-05,2.65,1e-06,1,0.02,0.207418,30
228.915789473684,95,1,1,1,0.001,1e-06,5,0.25,50,8,6e-04,0.3,0.15,0.8,4,1e-05,2.65,1e-06,1,0.02,0.027515,21747
11.2371134020619,97,1,1,1,0.001,1e-06,5,0.25,50,8,6e-04,0.3,0.15,0.8,4,1e-05,2.65,1e-06,1,0.02,0.10804,1090
25.12,100,1,1,1,0.001,1e-06,5,0.25,50,8,6e-04,0.3,0.15,0.8,4,1e-05,2.65,1e-06,1,0.02,0.053662,2512
10.8854166666667,96,1,1,1,0.001,1e-06,5,0.25,50,8,6e-04,0.3,0.15,0.8,4,1e-05,2.65,1e-06,1,0.02,0.12268,1045
15.8571428571429,49,1,1,1,0.001,1e-06,5,0.25,50,8,6e-04,0.3,0.15,0.8,4,1e-05,2.65,1e-06,1,0.02,0.084915,777
6.36363636363636,44,1,1,1,0.001,1e-06,5,0.25,50,8,6e-04,0.3,0.15,0.8,4,1e-05,2.65,1e-06,1,0.02,0.186678,280
9.39583333333333,96,1,1,1,0.001,1e-06,5,0.25,50,8,6e-04,0.3,0.15,0.8,4,1e-05,2.65,1e-06,1,0.02,0.14271,902
8.84782608695652,46,1,1,1,0.001,1e-06,5,0.25,50,8,6e-04,0.3,0.15,0.8,4,1e-05,2.65,1e-06,1,0.02,0.145988,407
13.8085106382979,47,1,1,1,0.001,1e-06,5,0.25,50,8,6e-04,0.3,0.15,0.8,4,1e-05,2.65,1e-06,1,0.02,0.098104,649
653.481481481482,81,4,1,1,0.001,1e-06,5,0.25,50,8,6e-04,0.3,0.15,0.8,4,1e-05,2.65,1e-06,1,0.02,0.033923,52932
439.538461538462,78,2,1,1,0.001,1e-06,5,0.25,50,8,6e-04,0.3,0.15,0.8,4,1e-05,2.65,1e-06,1,0.02,0.031918,34284
11.1111111111111,81,1,1,1,0.001,1e-06,5,0.25,50,8,6e-04,0.3,0.15,0.8,4,1e-05,2.65,1e-06,1,0.02,0.099318,900
16.4782608695652,46,1,1,1,0.001,1e-06,5,0.25,50,8,6e-04,0.3,0.15,0.8,4,1e-05,2.65,1e-06,1,0.02,0.067637,758
14.3333333333333,45,1,1,1,0.001,1e-06,5,0.25,50,8,6e-04,0.3,0.15,0.8,4,1e-05,2.65,1e-06,1,0.02,0.073205,645
34.2857142857143,7,1,1,1,0.001,1e-06,5,0.25,50,8,6e-04,0.3,0.15,0.8,4,1e-05,2.65,1e-06,1,0.02,0.03635,240
15.3243243243243,37,1,1,1,0.001,1e-06,5,0.25,50,8,6e-04,0.3,0.15,0.8,4,1e-05,2.65,1e-06,1,0.02,0.074042,567
205.210526315789,76,1,1,1,0.001,1e-06,5,0.25,50,8,6e-04,0.3,0.15,0.8,4,1e-05,2.65,1e-06,1,0.02,0.019337,15596
64.6056338028169,71,1,1,1,0.001,1e-06,5,0.25,50,8,6e-04,0.3,0.15,0.8,4,1e-05,2.65,1e-06,1,0.02,0.042041,4587
35.4603174603175,63,1,1,1,0.001,1e-06,5,0.25,50,8,6e-04,0.3,0.15,0.8,4,1e-05,2.65,1e-06,1,0.02,0.054545,2234
155.317829457364,129,1,1,1,0.001,1e-06,5,0.25,50,8,6e-04,0.3,0.15,0.8,4,1e-05,2.65,1e-06,1,0.02,0.023669,20036
14.5769230769231,130,1,1,1,0.001,1e-06,5,0.25,50,8,6e-04,0.3,0.15,0.8,4,1e-05,2.65,1e-06,1,0.02,0.083645,1895
13.587786259542,131,1,1,1,0.001,1e-06,5,0.25,50,8,6e-04,0.3,0.15,0.8,4,1e-05,2.65,1e-06,1,0.02,0.096565,1780
18.0846153846154,130,1,1,1,0.001,1e-06,5,0.25,50,8,6e-04,0.3,0.15,0.8,4,1e-05,2.65,1e-06,1,0.02,0.067302,2351
11.7377049180328,61,1,1,1,0.001,1e-06,5,0.25,50,8,6e-04,0.3,0.15,0.8,4,1e-05,2.65,1e-06,1,0.02,0.122099,716
13.6176470588235,68,1,1,1,0.001,1e-06,5,0.25,50,8,6e-04,0.3,0.15,0.8,4,1e-05,2.65,1e-06,1,0.02,0.090413,926
67.5,2,1,1,1,0.001,1e-06,5,0.25,50,8,6e-04,0.3,0.15,0.8,4,1e-05,2.65,1e-06,1,0.02,0.053149,135
246.98,100,2,1,1,0.001,1e-06,5,0.25,50,8,6e-04,0.3,0.15,0.8,4,1e-05,2.65,1e-06,1,0.02,0.020194,24698
64.6764705882353,102,1,1,1,0.001,1e-06,5,0.25,50,8,6e-04,0.3,0.15,0.8,4,1e-05,2.65,1e-06,1,0.02,0.029011,6597
65,3,1,1,1,0.001,1e-06,5,0.25,50,8,6e-04,0.3,0.15,0.8,4,1e-05,2.65,1e-06,1,0.02,0.035792,195
172.898305084746,118,1,1,1,0.001,1e-06,5,0.25,50,8,6e-04,0.3,0.15,0.8,4,1e-05,2.65,1e-06,1,0.02,0.025446,20402
336.881355932203,118,2,1,1,0.001,1e-06,5,0.25,50,8,6e-04,0.3,0.15,0.8,4,1e-05,2.65,1e-06,1,0.02,0.022354,39752
317.649350649351,77,1,1,1,0.001,1e-06,5,0.25,50,8,6e-04,0.3,0.15,0.8,4,1e-05,2.65,1e-06,1,0.02,0.039413,24459
21.2077922077922,77,1,1,1,0.001,1e-06,5,0.25,50,8,6e-04,0.3,0.15,0.8,4,1e-05,2.65,1e-06,1,0.02,0.09453,1633
122.207792207792,77,1,1,1,0.001,1e-06,5,0.25,50,8,6e-04,0.3,0.15,0.8,4,1e-05,2.65,1e-06,1,0.02,0.03712,9410
29.4615384615385,78,1,1,1,0.001,1e-06,5,0.25,50,8,6e-04,0.3,0.15,0.8,4,1e-05,2.65,1e-06,1,0.02,0.076465,2298
63.5581395348837,86,1,1,1,0.001,1e-06,5,0.25,50,8,6e-04,0.3,0.15,0.8,4,1e-05,2.65,1e-06,1,0.02,0.03134,5466
31.3793103448276,87,1,1,1,0.001,1e-06,5,0.25,50,8,6e-04,0.3,0.15,0.8,4,1e-05,2.65,1e-06,1,0.02,0.06492,2730
25.3918918918919,74,1,1,1,0.001,1e-06,5,0.25,50,8,6e-04,0.3,0.15,0.8,4,1e-05,2.65,1e-06,1,0.02,0.065565,1879
229.608108108108,74,1,1,1,0.001,1e-06,5,0.25,50,8,6e-04,0.3,0.15,0.8,4,1e-05,2.65,1e-06,1,0.02,0.062812,16991
510.780487804878,82,2,1,1,0.001,1e-06,5,0.25,50,8,6e-04,0.3,0.15,0.8,4,1e-05,2.65,1e-06,1,0.02,0.034733,41884
27.7010309278351,97,1,1,1,0.001,1e-06,5,0.25,50,8,6e-04,0.3,0.15,0.8,4,1e-05,2.65,1e-06,1,0.02,0.073558,2687
358.9375,96,2,1,1,0.001,1e-06,5,0.25,50,8,6e-04,0.3,0.15,0.8,4,1e-05,2.65,1e-06,1,0.02,0.037677,34458
9.9126213592233,103,1,1,1,0.001,1e-06,5,0.25,50,8,6e-04,0.3,0.15,0.8,4,1e-05,2.65,1e-06,1,0.02,0.149071,1021
220.514563106796,103,1,1,1,0.001,1e-06,5,0.25,50,8,6e-04,0.3,0.15,0.8,4,1e-05,2.65,1e-06,1,0.02,0.039055,22713
590.574074074074,54,2,1,1,0.001,1e-06,5,0.25,50,8,6e-04,0.3,0.15,0.8,4,1e-05,2.65,1e-06,1,0.02,0.053934,31891
5.2,55,1,1,1,0.001,1e-06,5,0.25,50,8,6e-04,0.3,0.15,0.8,4,1e-05,2.65,1e-06,1,0.02,0.253387,286
365.191489361702,47,1,1,1,0.001,1e-06,5,0.25,50,8,6e-04,0.3,0.15,0.8,4,1e-05,2.65,1e-06,1,0.02,0.022399,17164
38.5744680851064,47,1,1,1,0.001,1e-06,5,0.25,50,8,6e-04,0.3,0.15,0.8,4,1e-05,2.65,1e-06,1,0.02,0.050627,1813
181.308411214953,321,3,1,1,0.001,1e-06,5,0.25,50,8,6e-04,0.3,0.15,0.8,4,1e-05,2.65,1e-06,1,0.02,0.040369,58200
85.2852760736196,326,1,1,1,0.001,1e-06,5,0.25,50,8,6e-04,0.3,0.15,0.8,4,1e-05,2.65,1e-06,1,0.02,0.032362,27803
138.296296296296,108,1,1,1,0.001,1e-06,5,0.25,50,8,6e-04,0.3,0.15,0.8,4,1e-05,2.65,1e-06,1,0.02,0.027088,14936
189.614678899083,109,1,1,1,0.001,1e-06,5,0.25,50,8,6e-04,0.3,0.15,0.8,4,1e-05,2.65,1e-06,1,0.02,0.026782,20668
278.525951557093,289,7,1,1,0.001,1e-06,5,0.25,50,8,6e-04,0.3,0.15,0.8,4,1e-05,2.65,1e-06,1,0.02,0.052502,80494
279.958762886598,291,4,1,1,0.001,1e-06,5,0.25,50,8,6e-04,0.3,0.15,0.8,4,1e-05,2.65,1e-06,1,0.02,0.045539,81468
87.1836734693878,49,1,1,1,0.001,1e-06,5,0.25,50,8,6e-04,0.3,0.15,0.8,4,1e-05,2.65,1e-06,1,0.02,0.055804,4272
223.574468085106,47,1,1,1,0.001,1e-06,5,0.25,50,8,6e-04,0.3,0.15,0.8,4,1e-05,2.65,1e-06,1,0.02,0.059269,10508
13.6470588235294,51,1,1,1,0.001,1e-06,5,0.25,50,8,6e-04,0.3,0.15,0.8,4,1e-05,2.65,1e-06,1,0.02,0.147092,696
14.4722222222222,36,1,1,1,0.001,1e-06,5,0.25,50,8,6e-04,0.3,0.15,0.8,4,1e-05,2.65,1e-06,1,0.02,0.149483,521
22.3783783783784,37,1,1,1,0.001,1e-06,5,0.25,50,8,6e-04,0.3,0.15,0.8,4,1e-05,2.65,1e-06,1,0.02,0.137045,828
120.917159763314,169,1,1,1,0.001,1e-06,5,0.25,50,8,6e-04,0.3,0.15,0.8,4,1e-05,2.65,1e-06,1,0.02,0.038284,20435
81.5755813953488,172,1,1,1,0.001,1e-06,5,0.25,50,8,6e-04,0.3,0.15,0.8,4,1e-05,2.65,1e-06,1,0.02,0.092486,14031
112.285714285714,91,1,1,1,0.001,1e-06,5,0.25,50,8,6e-04,0.3,0.15,0.8,4,1e-05,2.65,1e-06,1,0.02,0.079113,10218
175.72990639046,175.72990639046,2,1,1,0.001,1e-06,5,0.25,50,8,6e-04,0.3,0.15,0.8,4,1e-05,2.65,1e-06,1,0.02,0.027842,30881
16.2904564315353,482,1,1,1,0.001,1e-06,5,0.25,50,8,6e-04,0.3,0.15,0.8,4,1e-05,2.65,1e-06,1,0.02,0.082321,7852
79,484,1,1,1,0.001,1e-06,5,0.25,50,8,6e-04,0.3,0.15,0.8,4,1e-05,2.65,1e-06,1,0.02,0.061568,38236
11.6666666666667,30,1,1,1,0.001,1e-06,5,0.25,50,8,6e-04,0.3,0.15,0.8,4,1e-05,2.65,1e-06,1,0.02,0.025677,350
369.086956521739,23,1,1,1,0.001,1e-06,5,0.25,50,8,6e-04,0.3,0.15,0.8,4,1e-05,2.65,1e-06,1,0.02,0.044636,8489
161.548754250845,161.548754250845,1,1,1,0.001,1e-06,5,0.25,50,8,6e-04,0.3,0.15,0.8,4,1e-05,2.65,1e-06,1,0.02,0.011823,26098
84.0221238938053,226,1,1,1,0.001,1e-06,5,0.25,50,8,6e-04,0.3,0.15,0.8,4,1e-05,2.65,1e-06,1,0.02,0.021547,18989
99.7425742574257,101,1,1,1,0.001,1e-06,5,0.25,50,8,6e-04,0.3,0.15,0.8,4,1e-05,2.65,1e-06,1,0.02,0.038279,10074
117.166666666667,102,1,1,1,0.001,1e-06,5,0.25,50,8,6e-04,0.3,0.15,0.8,4,1e-05,2.65,1e-06,1,0.02,0.014721,11951
158.24032355882,158.24032355882,1,1,1,0.001,1e-06,5,0.25,50,8,6e-04,0.3,0.15,0.8,4,1e-05,2.65,1e-06,1,0.02,0.019722,25040
44.4563758389262,298,1,1,1,0.001,1e-06,5,0.25,50,8,6e-04,0.3,0.15,0.8,4,1e-05,2.65,1e-06,1,0.02,0.01759,13248
38.8277027027027,296,1,1,1,0.001,1e-06,5,0.25,50,8,6e-04,0.3,0.15,0.8,4,1e-05,2.65,1e-06,1,0.02,0.026082,11493
158.154987275141,158.154987275141,1,1,1,0.001,1e-06,5,0.25,50,8,6e-04,0.3,0.15,0.8,4,1e-05,2.65,1e-06,1,0.02,0.024276,25013
121.063492063492,126,1,1,1,0.001,1e-06,5,0.25,50,8,6e-04,0.3,0.15,0.8,4,1e-05,2.65,1e-06,1,0.02,0.018726,15254
184.724118620174,184.724118620174,2,1,1,0.001,1e-06,5,0.25,50,8,6e-04,0.3,0.15,0.8,4,1e-05,2.65,1e-06,1,0.02,0.046728,34123
45.2410423452769,307,2,1,1,0.001,1e-06,5,0.25,50,8,6e-04,0.3,0.15,0.8,4,1e-05,2.65,1e-06,1,0.02,0.053856,13889
185.068259385666,293,3,1,1,0.001,1e-06,5,0.25,50,8,6e-04,0.3,0.15,0.8,4,1e-05,2.65,1e-06,1,0.02,0.046291,54225
161.972219840317,161.972219840317,1,1,1,0.001,1e-06,5,0.25,50,8,6e-04,0.3,0.15,0.8,4,1e-05,2.65,1e-06,1,0.02,0.067356,26235
14.6,20,1,1,1,0.001,1e-06,5,0.25,50,8,6e-04,0.3,0.15,0.8,4,1e-05,2.65,1e-06,1,0.02,0.103744,292
21.7222222222222,18,1,1,1,0.001,1e-06,5,0.25,50,8,6e-04,0.3,0.15,0.8,4,1e-05,2.65,1e-06,1,0.02,0.102891,391
158.350876221131,158.350876221131,1,1,1,0.001,1e-06,5,0.25,50,8,6e-04,0.3,0.15,0.8,4,1e-05,2.65,1e-06,1,0.02,0.040996,25075
22.3846153846154,26,1,1,1,0.001,1e-06,5,0.25,50,8,6e-04,0.3,0.15,0.8,4,1e-05,2.65,1e-06,1,0.02,0.076152,582
10.96875,32,1,1,1,0.001,1e-06,5,0.25,50,8,6e-04,0.3,0.15,0.8,4,1e-05,2.65,1e-06,1,0.02,0.108428,351
159.796745899283,159.796745899283,1,1,1,0.001,1e-06,5,0.25,50,8,6e-04,0.3,0.15,0.8,4,1e-05,2.65,1e-06,1,0.02,0.034547,25535
18.9565217391304,23,1,1,1,0.001,1e-06,5,0.25,50,8,6e-04,0.3,0.15,0.8,4,1e-05,2.65,1e-06,1,0.02,0.051063,436
6.95652173913043,23,1,1,1,0.001,1e-06,5,0.25,50,8,6e-04,0.3,0.15,0.8,4,1e-05,2.65,1e-06,1,0.02,0.118966,160
159.207411887764,159.207411887764,1,1,1,0.001,1e-06,5,0.25,50,8,6e-04,0.3,0.15,0.8,4,1e-05,2.65,1e-06,1,0.02,0.034126,25347
19.1176470588235,119,1,1,1,0.001,1e-06,5,0.25,50,8,6e-04,0.3,0.15,0.8,4,1e-05,2.65,1e-06,1,0.02,0.038833,2275
36.9915966386555,119,1,1,1,0.001,1e-06,5,0.25,50,8,6e-04,0.3,0.15,0.8,4,1e-05,2.65,1e-06,1,0.02,0.033024,4402
77.9409282700422,237,1,1,1,0.001,1e-06,5,0.25,50,8,6e-04,0.3,0.15,0.8,4,1e-05,2.65,1e-06,1,0.02,0.022298,18472
184.063291139241,237,2,1,1,0.001,1e-06,5,0.25,50,8,6e-04,0.3,0.15,0.8,4,1e-05,2.65,1e-06,1,0.02,0.022859,43623
159.285906470095,159.285906470095,1,1,1,0.001,1e-06,5,0.25,50,8,6e-04,0.3,0.15,0.8,4,1e-05,2.65,1e-06,1,0.02,0.027691,25372
14.1384615384615,65,1,1,1,0.001,1e-06,5,0.25,50,8,6e-04,0.3,0.15,0.8,4,1e-05,2.65,1e-06,1,0.02,0.023703,919
25.5283018867925,53,1,1,1,0.001,1e-06,5,0.25,50,8,6e-04,0.3,0.15,0.8,4,1e-05,2.65,1e-06,1,0.02,0.022478,1353
171.324253974736,171.324253974736,2,1,1,0.001,1e-06,5,0.25,50,8,6e-04,0.3,0.15,0.8,4,1e-05,2.65,1e-06,1,0.02,0.017217,29352
99.7369727047146,403,2,1,1,0.001,1e-06,5,0.25,50,8,6e-04,0.3,0.15,0.8,4,1e-05,2.65,1e-06,1,0.02,0.0251,40194
16.359413202934,409,1,1,1,0.001,1e-06,5,0.25,50,8,6e-04,0.3,0.15,0.8,4,1e-05,2.65,1e-06,1,0.02,0.048972,6691
153.711111111111,90,1,1,1,0.001,1e-06,5,0.25,50,8,6e-04,0.3,0.15,0.8,4,1e-05,2.65,1e-06,1,0.02,0.062662,13834
27.3246753246753,77,1,1,1,0.001,1e-06,5,0.25,50,8,6e-04,0.3,0.15,0.8,4,1e-05,2.65,1e-06,1,0.02,0.048646,2104
161.043472391774,161.043472391774,1,1,1,0.001,1e-06,5,0.25,50,8,6e-04,0.3,0.15,0.8,4,1e-05,2.65,1e-06,1,0.02,0.030669,25935
24.4262295081967,61,1,1,1,0.001,1e-06,5,0.25,50,8,6e-04,0.3,0.15,0.8,4,1e-05,2.65,1e-06,1,0.02,0.042466,1490
14.8571428571429,63,1,1,1,0.001,1e-06,5,0.25,50,8,6e-04,0.3,0.15,0.8,4,1e-05,2.65,1e-06,1,0.02,0.0565,936
21.3,10,1,1,1,0.001,1e-06,5,0.25,50,8,6e-04,0.3,0.15,0.8,4,1e-05,2.65,1e-06,1,0.02,0.018592,213
31.0833333333333,12,1,1,1,0.001,1e-06,5,0.25,50,8,6e-04,0.3,0.15,0.8,4,1e-05,2.65,1e-06,1,0.02,0.019359,373
162.75748830699,162.75748830699,1,1,1,0.001,1e-06,5,0.25,50,8,6e-04,0.3,0.15,0.8,4,1e-05,2.65,1e-06,1,0.02,0.019686,26490
26.7058823529412,476,1,1,1,0.001,1e-06,5,0.25,50,8,6e-04,0.3,0.15,0.8,4,1e-05,2.65,1e-06,1,0.02,0.032869,12712
25.0658174097665,471,1,1,1,0.001,1e-06,5,0.25,50,8,6e-04,0.3,0.15,0.8,4,1e-05,2.65,1e-06,1,0.02,0.047696,11806
161.614349775785,223,3,1,1,0.001,1e-06,5,0.25,50,8,6e-04,0.3,0.15,0.8,4,1e-05,2.65,1e-06,1,0.02,0.032106,36040
91.5962441314554,213,1,1,1,0.001,1e-06,5,0.25,50,8,6e-04,0.3,0.15,0.8,4,1e-05,2.65,1e-06,1,0.02,0.045723,19510
158.136017402741,158.136017402741,1,1,1,0.001,1e-06,5,0.25,50,8,6e-04,0.3,0.15,0.8,4,1e-05,2.65,1e-06,1,0.02,0.038412,25007
8.25531914893617,47,1,1,1,0.001,1e-06,5,0.25,50,8,6e-04,0.3,0.15,0.8,4,1e-05,2.65,1e-06,1,0.02,0.111122,388
8.41666666666667,48,1,1,1,0.001,1e-06,5,0.25,50,8,6e-04,0.3,0.15,0.8,4,1e-05,2.65,1e-06,1,0.02,0.109495,404
182.384209842848,182.384209842848,2,1,1,0.001,1e-06,5,0.25,50,8,6e-04,0.3,0.15,0.8,4,1e-05,2.65,1e-06,1,0.02,0.037375,33264
63.0192307692308,104,1,1,1,0.001,1e-06,5,0.25,50,8,6e-04,0.3,0.15,0.8,4,1e-05,2.65,1e-06,1,0.02,0.013666,6554
49.8901098901099,91,1,1,1,0.001,1e-06,5,0.25,50,8,6e-04,0.3,0.15,0.8,4,1e-05,2.65,1e-06,1,0.02,0.016833,4540
126.098591549296,213,1,1,1,0.001,1e-06,5,0.25,50,8,6e-04,0.3,0.15,0.8,4,1e-05,2.65,1e-06,1,0.02,0.023531,26859
110.066666666667,210,2,1,1,0.001,1e-06,5,0.25,50,8,6e-04,0.3,0.15,0.8,4,1e-05,2.65,1e-06,1,0.02,0.023716,23114
164.739187809094,164.739187809094,2,1,1,0.001,1e-06,5,0.25,50,8,6e-04,0.3,0.15,0.8,4,1e-05,2.65,1e-06,1,0.02,0.022319,27139
70.5244444444444,675,2,1,1,0.001,1e-06,5,0.25,50,8,6e-04,0.3,0.15,0.8,4,1e-05,2.65,1e-06,1,0.02,0.044624,47604
138.435483870968,62,1,1,1,0.001,1e-06,5,0.25,50,8,6e-04,0.3,0.15,0.8,4,1e-05,2.65,1e-06,1,0.02,0.015549,8583
15.7903225806452,62,1,1,1,0.001,1e-06,5,0.25,50,8,6e-04,0.3,0.15,0.8,4,1e-05,2.65,1e-06,1,0.02,0.031293,979
158.132855536097,158.132855536097,1,1,1,0.001,1e-06,5,0.25,50,8,6e-04,0.3,0.15,0.8,4,1e-05,2.65,1e-06,1,0.02,0.017196,25006
20.7482993197279,294,1,1,1,0.001,1e-06,5,0.25,50,8,6e-04,0.3,0.15,0.8,4,1e-05,2.65,1e-06,1,0.02,0.040452,6100
19.5704697986577,298,1,1,1,0.001,1e-06,5,0.25,50,8,6e-04,0.3,0.15,0.8,4,1e-05,2.65,1e-06,1,0.02,0.067677,5832
161.127278882255,161.127278882255,1,1,1,0.001,1e-06,5,0.25,50,8,6e-04,0.3,0.15,0.8,4,1e-05,2.65,1e-06,1,0.02,0.055,25962
48.185,200,1,1,1,0.001,1e-06,5,0.25,50,8,6e-04,0.3,0.15,0.8,4,1e-05,2.65,1e-06,1,0.02,0.016862,9637
19.7307692307692,208,1,1,1,0.001,1e-06,5,0.25,50,8,6e-04,0.3,0.15,0.8,4,1e-05,2.65,1e-06,1,0.02,0.018359,4104
158.183437818249,158.183437818249,1,1,1,0.001,1e-06,5,0.25,50,8,6e-04,0.3,0.15,0.8,4,1e-05,2.65,1e-06,1,0.02,0.01582,25022
35.4558204768583,713,1,1,1,0.001,1e-06,5,0.25,50,8,6e-04,0.3,0.15,0.8,4,1e-05,2.65,1e-06,1,0.02,0.036101,25280
98.1417004048583,741,4,1,1,0.001,1e-06,5,0.25,50,8,6e-04,0.3,0.15,0.8,4,1e-05,2.65,1e-06,1,0.02,0.037065,72723
28.5789473684211,171,1,1,1,0.001,1e-06,5,0.25,50,8,6e-04,0.3,0.15,0.8,4,1e-05,2.65,1e-06,1,0.02,0.041024,4887
23.7919075144509,173,1,1,1,0.001,1e-06,5,0.25,50,8,6e-04,0.3,0.15,0.8,4,1e-05,2.65,1e-06,1,0.02,0.039281,4116
167.499253729681,167.499253729681,2,1,1,0.001,1e-06,5,0.25,50,8,6e-04,0.3,0.15,0.8,4,1e-05,2.65,1e-06,1,0.02,0.038326,28056
28.421875,64,1,1,1,0.001,1e-06,5,0.25,50,8,6e-04,0.3,0.15,0.8,4,1e-05,2.65,1e-06,1,0.02,0.039084,1819
32.6515151515151,66,1,1,1,0.001,1e-06,5,0.25,50,8,6e-04,0.3,0.15,0.8,4,1e-05,2.65,1e-06,1,0.02,0.041928,2155
6.75,64,1,1,1,0.001,1e-06,5,0.25,50,8,6e-04,0.3,0.15,0.8,4,1e-05,2.65,1e-06,1,0.02,0.015913,432
57.35,60,1,1,1,0.001,1e-06,5,0.25,50,8,6e-04,0.3,0.15,0.8,4,1e-05,2.65,1e-06,1,0.02,0.013375,3441
158.58120947956,158.58120947956,1,1,1,0.001,1e-06,5,0.25,50,8,6e-04,0.3,0.15,0.8,4,1e-05,2.65,1e-06,1,0.02,0.020323,25148
109.465517241379,232,1,1,1,0.001,1e-06,5,0.25,50,8,6e-04,0.3,0.15,0.8,4,1e-05,2.65,1e-06,1,0.02,0.023318,25396
33.930612244898,245,1,1,1,0.001,1e-06,5,0.25,50,8,6e-04,0.3,0.15,0.8,4,1e-05,2.65,1e-06,1,0.02,0.037284,8313
158.173954872476,158.173954872476,1,1,1,0.001,1e-06,5,0.25,50,8,6e-04,0.3,0.15,0.8,4,1e-05,2.65,1e-06,1,0.02,0.057514,25019
25.9858156028369,141,1,1,1,0.001,1e-06,5,0.25,50,8,6e-04,0.3,0.15,0.8,4,1e-05,2.65,1e-06,1,0.02,0.047477,3664
38.5588235294118,136,1,1,1,0.001,1e-06,5,0.25,50,8,6e-04,0.3,0.15,0.8,4,1e-05,2.65,1e-06,1,0.02,0.039748,5244
158.132855536097,158.132855536097,1,1,1,0.001,1e-06,5,0.25,50,8,6e-04,0.3,0.15,0.8,4,1e-05,2.65,1e-06,1,0.02,0.041414,25006
26.9961832061069,262,1,1,1,0.001,1e-06,5,0.25,50,8,6e-04,0.3,0.15,0.8,4,1e-05,2.65,1e-06,1,0.02,0.043412,7073
23.6014492753623,276,1,1,1,0.001,1e-06,5,0.25,50,8,6e-04,0.3,0.15,0.8,4,1e-05,2.65,1e-06,1,0.02,0.044384,6514
158.300347441185,158.300347441185,1,1,1,0.001,1e-06,5,0.25,50,8,6e-04,0.3,0.15,0.8,4,1e-05,2.65,1e-06,1,0.02,0.040509,25059
26.3891625615764,203,1,1,1,0.001,1e-06,5,0.25,50,8,6e-04,0.3,0.15,0.8,4,1e-05,2.65,1e-06,1,0.02,0.039378,5357
34.8592964824121,199,1,1,1,0.001,1e-06,5,0.25,50,8,6e-04,0.3,0.15,0.8,4,1e-05,2.65,1e-06,1,0.02,0.049343,6937
39.3016627078385,421,1,1,1,0.001,1e-06,5,0.25,50,8,6e-04,0.3,0.15,0.8,4,1e-05,2.65,1e-06,1,0.02,0.034598,16546
34.3076923076923,429,1,1,1,0.001,1e-06,5,0.25,50,8,6e-04,0.3,0.15,0.8,4,1e-05,2.65,1e-06,1,0.02,0.028122,14718
165.438810440598,165.438810440598,1,1,1,0.001,1e-06,5,0.25,50,8,6e-04,0.3,0.15,0.8,4,1e-05,2.65,1e-06,1,0.02,0.050611,27370
25.0444444444444,180,1,1,1,0.001,1e-06,5,0.25,50,8,6e-04,0.3,0.15,0.8,4,1e-05,2.65,1e-06,1,0.02,0.032502,4508
36.0867052023121,173,1,1,1,0.001,1e-06,5,0.25,50,8,6e-04,0.3,0.15,0.8,4,1e-05,2.65,1e-06,1,0.02,0.028933,6243
33.5922330097087,206,1,1,1,0.001,1e-06,5,0.25,50,8,6e-04,0.3,0.15,0.8,4,1e-05,2.65,1e-06,1,0.02,0.025338,6920
31.243119266055,218,1,1,1,0.001,1e-06,5,0.25,50,8,6e-04,0.3,0.15,0.8,4,1e-05,2.65,1e-06,1,0.02,0.024678,6811
158.58120947956,158.58120947956,1,1,1,0.001,1e-06,5,0.25,50,8,6e-04,0.3,0.15,0.8,4,1e-05,2.65,1e-06,1,0.02,0.020835,25148
79.6624203821656,314,2,1,1,0.001,1e-06,5,0.25,50,8,6e-04,0.3,0.15,0.8,4,1e-05,2.65,1e-06,1,0.02,0.020656,25014
32.0714285714286,322,1,1,1,0.001,1e-06,5,0.25,50,8,6e-04,0.3,0.15,0.8,4,1e-05,2.65,1e-06,1,0.02,0.037863,10327
36.6120331950208,482,1,1,1,0.001,1e-06,5,0.25,50,8,6e-04,0.3,0.15,0.8,4,1e-05,2.65,1e-06,1,0.02,0.032818,17647
48.0513347022587,487,1,1,1,0.001,1e-06,5,0.25,50,8,6e-04,0.3,0.15,0.8,4,1e-05,2.65,1e-06,1,0.02,0.019131,23401
158.158148699332,158.158148699332,1,1,1,0.001,1e-06,5,0.25,50,8,6e-04,0.3,0.15,0.8,4,1e-05,2.65,1e-06,1,0.02,0.039827,25014
59.6321525885559,367,1,1,1,0.001,1e-06,5,0.25,50,8,6e-04,0.3,0.15,0.8,4,1e-05,2.65,1e-06,1,0.02,0.012807,21885
53.6167664670659,334,1,1,1,0.001,1e-06,5,0.25,50,8,6e-04,0.3,0.15,0.8,4,1e-05,2.65,1e-06,1,0.02,0.012542,17908
158.477127687247,158.477127687247,2,1,1,0.001,1e-06,5,0.25,50,8,6e-04,0.3,0.15,0.8,4,1e-05,2.65,1e-06,1,0.02,0.01501,25115
38.9157088122605,261,1,1,1,0.001,1e-06,5,0.25,50,8,6e-04,0.3,0.15,0.8,4,1e-05,2.65,1e-06,1,0.02,0.018095,10157
95.6554307116105,267,1,1,1,0.001,1e-06,5,0.25,50,8,6e-04,0.3,0.15,0.8,4,1e-05,2.65,1e-06,1,0.02,0.01885,25540
164.46276174259,164.46276174259,2,1,1,0.001,1e-06,5,0.25,50,8,6e-04,0.3,0.15,0.8,4,1e-05,2.65,1e-06,1,0.02,0.048315,27048
38.159217877095,358,1,1,1,0.001,1e-06,5,0.25,50,8,6e-04,0.3,0.15,0.8,4,1e-05,2.65,1e-06,1,0.02,0.020769,13661
56.5555555555556,342,1,1,1,0.001,1e-06,5,0.25,50,8,6e-04,0.3,0.15,0.8,4,1e-05,2.65,1e-06,1,0.02,0.02178,19342
167.961305067566,167.961305067566,2,1,1,0.001,1e-06,5,0.25,50,8,6e-04,0.3,0.15,0.8,4,1e-05,2.65,1e-06,1,0.02,0.060654,28211
115.21875,320,1,1,1,0.001,1e-06,5,0.25,50,8,6e-04,0.3,0.15,0.8,4,1e-05,2.65,1e-06,1,0.02,0.016202,36870
74.8343558282209,326,1,1,1,0.001,1e-06,5,0.25,50,8,6e-04,0.3,0.15,0.8,4,1e-05,2.65,1e-06,1,0.02,0.016103,24396
162.61303760769,162.61303760769,2,1,1,0.001,1e-06,5,0.25,50,8,6e-04,0.3,0.15,0.8,4,1e-05,2.65,1e-06,1,0.02,0.029278,26443
40.4305555555556,72,1,1,1,0.001,1e-06,5,0.25,50,8,6e-04,0.3,0.15,0.8,4,1e-05,2.65,1e-06,1,0.02,0.012738,2911
37.2028985507246,69,1,1,1,0.001,1e-06,5,0.25,50,8,6e-04,0.3,0.15,0.8,4,1e-05,2.65,1e-06,1,0.02,0.02088,2567
158.177115917569,158.177115917569,1,1,1,0.001,1e-06,5,0.25,50,8,6e-04,0.3,0.15,0.8,4,1e-05,2.65,1e-06,1,0.02,0.030453,25020
42.8924418604651,688,1,1,1,0.001,1e-06,5,0.25,50,8,6e-04,0.3,0.15,0.8,4,1e-05,2.65,1e-06,1,0.02,0.044221,29510
74.1611111111111,720,2,1,1,0.001,1e-06,5,0.25,50,8,6e-04,0.3,0.15,0.8,4,1e-05,2.65,1e-06,1,0.02,0.042045,53396
158.312981148104,158.312981148104,1,1,1,0.001,1e-06,5,0.25,50,8,6e-04,0.3,0.15,0.8,4,1e-05,2.65,1e-06,1,0.02,0.055274,25063
54.4672489082969,229,1,1,1,0.001,1e-06,5,0.25,50,8,6e-04,0.3,0.15,0.8,4,1e-05,2.65,1e-06,1,0.02,0.012243,12473
35.1659192825112,223,1,1,1,0.001,1e-06,5,0.25,50,8,6e-04,0.3,0.15,0.8,4,1e-05,2.65,1e-06,1,0.02,0.019892,7842
213.290881192797,213.290881192797,2,1,1,0.001,1e-06,5,0.25,50,8,6e-04,0.3,0.15,0.8,4,1e-05,2.65,1e-06,1,0.02,0.015721,45493
30.6143790849673,153,1,1,1,0.001,1e-06,5,0.25,50,8,6e-04,0.3,0.15,0.8,4,1e-05,2.65,1e-06,1,0.02,0.025335,4684
21.2645161290323,155,1,1,1,0.001,1e-06,5,0.25,50,8,6e-04,0.3,0.15,0.8,4,1e-05,2.65,1e-06,1,0.02,0.038047,3296
162.920225877575,162.920225877575,1,1,1,0.001,1e-06,5,0.25,50,8,6e-04,0.3,0.15,0.8,4,1e-05,2.65,1e-06,1,0.02,0.017057,26543
3.36363636363636,11,1,1,1,0.001,1e-06,5,0.25,50,8,6e-04,0.3,0.15,0.8,4,1e-05,2.65,1e-06,1,0.02,0.060371,37
6.66666666666667,6,1,1,1,0.001,1e-06,5,0.25,50,8,6e-04,0.3,0.15,0.8,4,1e-05,2.65,1e-06,1,0.02,0.054496,40
181.661773634411,181.661773634411,2,1,1,0.001,1e-06,5,0.25,50,8,6e-04,0.3,0.15,0.8,4,1e-05,2.65,1e-06,1,0.02,0.024093,33001
14.0018248175182,548,1,1,1,0.001,1e-06,5,0.25,50,8,6e-04,0.3,0.15,0.8,4,1e-05,2.65,1e-06,1,0.02,0.037735,7673
56.1165540540541,592,1,1,1,0.001,1e-06,5,0.25,50,8,6e-04,0.3,0.15,0.8,4,1e-05,2.65,1e-06,1,0.02,0.044359,33221
26.5042735042735,117,1,1,1,0.001,1e-06,5,0.25,50,8,6e-04,0.3,0.15,0.8,4,1e-05,2.65,1e-06,1,0.02,0.031312,3101
15.9915966386555,119,1,1,1,0.001,1e-06,5,0.25,50,8,6e-04,0.3,0.15,0.8,4,1e-05,2.65,1e-06,1,0.02,0.045828,1903
158.211883245223,158.211883245223,1,1,1,0.001,1e-06,5,0.25,50,8,6e-04,0.3,0.15,0.8,4,1e-05,2.65,1e-06,1,0.02,0.016814,25031
23.2421875,128,1,1,1,0.001,1e-06,5,0.25,50,8,6e-04,0.3,0.15,0.8,4,1e-05,2.65,1e-06,1,0.02,0.028648,2975
35.6315789473684,114,1,1,1,0.001,1e-06,5,0.25,50,8,6e-04,0.3,0.15,0.8,4,1e-05,2.65,1e-06,1,0.02,0.025882,4062
158.211883245223,158.211883245223,1,1,1,0.001,1e-06,5,0.25,50,8,6e-04,0.3,0.15,0.8,4,1e-05,2.65,1e-06,1,0.02,0.016979,25031
37.9620253164557,158,1,1,1,0.001,1e-06,5,0.25,50,8,6e-04,0.3,0.15,0.8,4,1e-05,2.65,1e-06,1,0.02,0.017883,5998
30.0509554140127,157,1,1,1,0.001,1e-06,5,0.25,50,8,6e-04,0.3,0.15,0.8,4,1e-05,2.65,1e-06,1,0.02,0.022563,4718
158.120207437253,158.120207437253,1,1,1,0.001,1e-06,5,0.25,50,8,6e-04,0.3,0.15,0.8,4,1e-05,2.65,1e-06,1,0.02,0.015504,25002
21.679802955665,203,1,1,1,0.001,1e-06,5,0.25,50,8,6e-04,0.3,0.15,0.8,4,1e-05,2.65,1e-06,1,0.02,0.03334,4401
19.3853658536585,205,1,1,1,0.001,1e-06,5,0.25,50,8,6e-04,0.3,0.15,0.8,4,1e-05,2.65,1e-06,1,0.02,0.036578,3974
158.672618935971,158.672618935971,1,1,1,0.001,1e-06,5,0.25,50,8,6e-04,0.3,0.15,0.8,4,1e-05,2.65,1e-06,1,0.02,0.070288,25177
45.7128378378378,296,1,1,1,0.001,1e-06,5,0.25,50,8,6e-04,0.3,0.15,0.8,4,1e-05,2.65,1e-06,1,0.02,0.020638,13531
23.0590277777778,288,1,1,1,0.001,1e-06,5,0.25,50,8,6e-04,0.3,0.15,0.8,4,1e-05,2.65,1e-06,1,0.02,0.043166,6641
158.142340946377,158.142340946377,1,1,1,0.001,1e-06,5,0.25,50,8,6e-04,0.3,0.15,0.8,4,1e-05,2.65,1e-06,1,0.02,0.016897,25009
21.1492537313433,67,1,1,1,0.001,1e-06,5,0.25,50,8,6e-04,0.3,0.15,0.8,4,1e-05,2.65,1e-06,1,0.02,0.013236,1417
87.5428571428571,70,1,1,1,0.001,1e-06,5,0.25,50,8,6e-04,0.3,0.15,0.8,4,1e-05,2.65,1e-06,1,0.02,0.014902,6128
171.146136386423,171.146136386423,2,1,1,0.001,1e-06,5,0.25,50,8,6e-04,0.3,0.15,0.8,4,1e-05,2.65,1e-06,1,0.02,0.061128,29291
29.2065217391304,184,1,1,1,0.001,1e-06,5,0.25,50,8,6e-04,0.3,0.15,0.8,4,1e-05,2.65,1e-06,1,0.02,0.015212,5374
69.8578680203046,197,1,1,1,0.001,1e-06,5,0.25,50,8,6e-04,0.3,0.15,0.8,4,1e-05,2.65,1e-06,1,0.02,0.014355,13762
160.468065358812,160.468065358812,1,1,1,0.001,1e-06,5,0.25,50,8,6e-04,0.3,0.15,0.8,4,1e-05,2.65,1e-06,1,0.02,0.023326,25750
50.5875,480,2,1,1,0.001,1e-06,5,0.25,50,8,6e-04,0.3,0.15,0.8,4,1e-05,2.65,1e-06,1,0.02,0.023283,24282
119.602083333333,480,4,1,1,0.001,1e-06,5,0.25,50,8,6e-04,0.3,0.15,0.8,4,1e-05,2.65,1e-06,1,0.02,0.020448,57409
159.257652877342,159.257652877342,1,1,1,0.001,1e-06,5,0.25,50,8,6e-04,0.3,0.15,0.8,4,1e-05,2.65,1e-06,1,0.02,0.013059,25363
14.7017543859649,57,1,1,1,0.001,1e-06,5,0.25,50,8,6e-04,0.3,0.15,0.8,4,1e-05,2.65,1e-06,1,0.02,0.011998,838
31.0454545454545,44,1,1,1,0.001,1e-06,5,0.25,50,8,6e-04,0.3,0.15,0.8,4,1e-05,2.65,1e-06,1,0.02,0.0152,1366
188.637217960826,188.637217960826,2,1,1,0.001,1e-06,5,0.25,50,8,6e-04,0.3,0.15,0.8,4,1e-05,2.65,1e-06,1,0.02,0.022437,35584
34.3029315960912,307,1,1,1,0.001,1e-06,5,0.25,50,8,6e-04,0.3,0.15,0.8,4,1e-05,2.65,1e-06,1,0.02,0.030618,10531
39.6173633440514,311,1,1,1,0.001,1e-06,5,0.25,50,8,6e-04,0.3,0.15,0.8,4,1e-05,2.65,1e-06,1,0.02,0.030446,12321
160.804228800116,160.804228800116,1,1,1,0.001,1e-06,5,0.25,50,8,6e-04,0.3,0.15,0.8,4,1e-05,2.65,1e-06,1,0.02,0.01887,25858
35.5049833887043,602,1,1,1,0.001,1e-06,5,0.25,50,8,6e-04,0.3,0.15,0.8,4,1e-05,2.65,1e-06,1,0.02,0.079388,21374
25.5584843492586,607,1,1,1,0.001,1e-06,5,0.25,50,8,6e-04,0.3,0.15,0.8,4,1e-05,2.65,1e-06,1,0.02,0.050177,15514
172.232401132888,172.232401132888,1,1,1,0.001,1e-06,5,0.25,50,8,6e-04,0.3,0.15,0.8,4,1e-05,2.65,1e-06,1,0.02,0.054792,29664
51.0125786163522,159,1,1,1,0.001,1e-06,5,0.25,50,8,6e-04,0.3,0.15,0.8,4,1e-05,2.65,1e-06,1,0.02,0.021298,8111
21.5283018867925,159,1,1,1,0.001,1e-06,5,0.25,50,8,6e-04,0.3,0.15,0.8,4,1e-05,2.65,1e-06,1,0.02,0.040484,3423
166.045174576077,166.045174576077,1,1,1,0.001,1e-06,5,0.25,50,8,6e-04,0.3,0.15,0.8,4,1e-05,2.65,1e-06,1,0.02,0.019973,27571
341.927710843374,166,3,1,1,0.001,1e-06,5,0.25,50,8,6e-04,0.3,0.15,0.8,4,1e-05,2.65,1e-06,1,0.02,0.034075,56760
21.1794871794872,156,1,1,1,0.001,1e-06,5,0.25,50,8,6e-04,0.3,0.15,0.8,4,1e-05,2.65,1e-06,1,0.02,0.01298,3304
169.062118761123,169.062118761123,1,1,1,0.001,1e-06,5,0.25,50,8,6e-04,0.3,0.15,0.8,4,1e-05,2.65,1e-06,1,0.02,0.018568,28582
21.969696969697,165,1,1,1,0.001,1e-06,5,0.25,50,8,6e-04,0.3,0.15,0.8,4,1e-05,2.65,1e-06,1,0.02,0.035182,3625
21.4940476190476,168,1,1,1,0.001,1e-06,5,0.25,50,8,6e-04,0.3,0.15,0.8,4,1e-05,2.65,1e-06,1,0.02,0.04018,3611
190.87692369692,190.87692369692,2,1,1,0.001,1e-06,5,0.25,50,8,6e-04,0.3,0.15,0.8,4,1e-05,2.65,1e-06,1,0.02,0.020144,36434
15.75,16,1,1,1,0.001,1e-06,5,0.25,50,8,6e-04,0.3,0.15,0.8,4,1e-05,2.65,1e-06,1,0.02,0.098364,252
177.555625086901,177.555625086901,2,1,1,0.001,1e-06,5,0.25,50,8,6e-04,0.3,0.15,0.8,4,1e-05,2.65,1e-06,1,0.02,0.054617,31526
85.9479166666667,192,1,1,1,0.001,1e-06,5,0.25,50,8,6e-04,0.3,0.15,0.8,4,1e-05,2.65,1e-06,1,0.02,0.015782,16502
21.6758241758242,182,1,1,1,0.001,1e-06,5,0.25,50,8,6e-04,0.3,0.15,0.8,4,1e-05,2.65,1e-06,1,0.02,0.034689,3945
183.97282408008,183.97282408008,2,1,1,0.001,1e-06,5,0.25,50,8,6e-04,0.3,0.15,0.8,4,1e-05,2.65,1e-06,1,0.02,0.018197,33846
15.2075471698113,53,1,1,1,0.001,1e-06,5,0.25,50,8,6e-04,0.3,0.15,0.8,4,1e-05,2.65,1e-06,1,0.02,0.019535,806
429.672727272727,55,1,1,1,0.001,1e-06,5,0.25,50,8,6e-04,0.3,0.15,0.8,4,1e-05,2.65,1e-06,1,0.02,0.030902,23632
168.080337933977,168.080337933977,2,1,1,0.001,1e-06,5,0.25,50,8,6e-04,0.3,0.15,0.8,4,1e-05,2.65,1e-06,1,0.02,0.025029,28251
27.4119047619048,420,1,1,1,0.001,1e-06,5,0.25,50,8,6e-04,0.3,0.15,0.8,4,1e-05,2.65,1e-06,1,0.02,0.054574,11513
75.4741784037559,426,1,1,1,0.001,1e-06,5,0.25,50,8,6e-04,0.3,0.15,0.8,4,1e-05,2.65,1e-06,1,0.02,0.030672,32152
158.113883008419,158.113883008419,1,1,1,0.001,1e-06,5,0.25,50,8,6e-04,0.3,0.15,0.8,4,1e-05,2.65,1e-06,1,0.02,0.079698,25000
14.6464646464646,99,1,1,1,0.001,1e-06,5,0.25,50,8,6e-04,0.3,0.15,0.8,4,1e-05,2.65,1e-06,1,0.02,0.057945,1450
16.2448979591837,98,1,1,1,0.001,1e-06,5,0.25,50,8,6e-04,0.3,0.15,0.8,4,1e-05,2.65,1e-06,1,0.02,0.083121,1592
158.227684050548,158.227684050548,2,1,1,0.001,1e-06,5,0.25,50,8,6e-04,0.3,0.15,0.8,4,1e-05,2.65,1e-06,1,0.02,0.024416,25036
26.9565217391304,92,1,1,1,0.001,1e-06,5,0.25,50,8,6e-04,0.3,0.15,0.8,4,1e-05,2.65,1e-06,1,0.02,0.044349,2480
16.8494623655914,93,1,1,1,0.001,1e-06,5,0.25,50,8,6e-04,0.3,0.15,0.8,4,1e-05,2.65,1e-06,1,0.02,0.045159,1567
158.151825787754,158.151825787754,1,1,1,0.001,1e-06,5,0.25,50,8,6e-04,0.3,0.15,0.8,4,1e-05,2.65,1e-06,1,0.02,0.032903,25012
98.0684931506849,73,1,1,1,0.001,1e-06,5,0.25,50,8,6e-04,0.3,0.15,0.8,4,1e-05,2.65,1e-06,1,0.02,0.036553,7159
29.16,75,1,1,1,0.001,1e-06,5,0.25,50,8,6e-04,0.3,0.15,0.8,4,1e-05,2.65,1e-06,1,0.02,0.037675,2187
158.139179206166,158.139179206166,1,1,1,0.001,1e-06,5,0.25,50,8,6e-04,0.3,0.15,0.8,4,1e-05,2.65,1e-06,1,0.02,0.030608,25008
31.8235294117647,34,1,1,1,0.001,1e-06,5,0.25,50,8,6e-04,0.3,0.15,0.8,4,1e-05,2.65,1e-06,1,0.02,0.055766,1082
12.4545454545455,33,1,1,1,0.001,1e-06,5,0.25,50,8,6e-04,0.3,0.15,0.8,4,1e-05,2.65,1e-06,1,0.02,0.102984,411
159.226254116587,159.226254116587,1,1,1,0.001,1e-06,5,0.25,50,8,6e-04,0.3,0.15,0.8,4,1e-05,2.65,1e-06,1,0.02,0.046269,25353
26.8421052631579,38,1,1,1,0.001,1e-06,5,0.25,50,8,6e-04,0.3,0.15,0.8,4,1e-05,2.65,1e-06,1,0.02,0.043113,1020
21.25,36,1,1,1,0.001,1e-06,5,0.25,50,8,6e-04,0.3,0.15,0.8,4,1e-05,2.65,1e-06,1,0.02,0.050759,765
158.224524015716,158.224524015716,1,1,1,0.001,1e-06,5,0.25,50,8,6e-04,0.3,0.15,0.8,4,1e-05,2.65,1e-06,1,0.02,0.039445,25035
29.5900900900901,444,1,1,1,0.001,1e-06,5,0.25,50,8,6e-04,0.3,0.15,0.8,4,1e-05,2.65,1e-06,1,0.02,0.047627,13138
25.9534368070953,451,1,1,1,0.001,1e-06,5,0.25,50,8,6e-04,0.3,0.15,0.8,4,1e-05,2.65,1e-06,1,0.02,0.050277,11705
158.113883008419,158.113883008419,1,1,1,0.001,1e-06,5,0.25,50,8,6e-04,0.3,0.15,0.8,4,1e-05,2.65,1e-06,1,0.02,0.071659,25000
18.0068493150685,146,1,1,1,0.001,1e-06,5,0.25,50,8,6e-04,0.3,0.15,0.8,4,1e-05,2.65,1e-06,1,0.02,0.037799,2629
26.4689655172414,145,1,1,1,0.001,1e-06,5,0.25,50,8,6e-04,0.3,0.15,0.8,4,1e-05,2.65,1e-06,1,0.02,0.047494,3838
17.3908045977011,87,1,1,1,0.001,1e-06,5,0.25,50,8,6e-04,0.3,0.15,0.8,4,1e-05,2.65,1e-06,1,0.02,0.034677,1513
17.0697674418605,86,1,1,1,0.001,1e-06,5,0.25,50,8,6e-04,0.3,0.15,0.8,4,1e-05,2.65,1e-06,1,0.02,0.03511,1468
167.323040852119,167.323040852119,2,1,1,0.001,1e-06,5,0.25,50,8,6e-04,0.3,0.15,0.8,4,1e-05,2.65,1e-06,1,0.02,0.031457,27997
33.3156028368794,282,1,1,1,0.001,1e-06,5,0.25,50,8,6e-04,0.3,0.15,0.8,4,1e-05,2.65,1e-06,1,0.02,0.041267,9395
24.7220216606498,277,1,1,1,0.001,1e-06,5,0.25,50,8,6e-04,0.3,0.15,0.8,4,1e-05,2.65,1e-06,1,0.02,0.044036,6848
24.4083601286174,311,1,1,1,0.001,1e-06,5,0.25,50,8,6e-04,0.3,0.15,0.8,4,1e-05,2.65,1e-06,1,0.02,0.034785,7591
66.6193771626298,289,1,1,1,0.001,1e-06,5,0.25,50,8,6e-04,0.3,0.15,0.8,4,1e-05,2.65,1e-06,1,0.02,0.035365,19253
163.110392066232,163.110392066232,1,1,1,0.001,1e-06,5,0.25,50,8,6e-04,0.3,0.15,0.8,4,1e-05,2.65,1e-06,1,0.02,0.033617,26605
26.1822429906542,214,1,1,1,0.001,1e-06,5,0.25,50,8,6e-04,0.3,0.15,0.8,4,1e-05,2.65,1e-06,1,0.02,0.035697,5603
26.5480769230769,208,1,1,1,0.001,1e-06,5,0.25,50,8,6e-04,0.3,0.15,0.8,4,1e-05,2.65,1e-06,1,0.02,0.03372,5522
158.354033734541,158.354033734541,1,1,1,0.001,1e-06,5,0.25,50,8,6e-04,0.3,0.15,0.8,4,1e-05,2.65,1e-06,1,0.02,0.030491,25076
28.5984555984556,518,1,1,1,0.001,1e-06,5,0.25,50,8,6e-04,0.3,0.15,0.8,4,1e-05,2.65,1e-06,1,0.02,0.034239,14814
25.1300970873786,515,1,1,1,0.001,1e-06,5,0.25,50,8,6e-04,0.3,0.15,0.8,4,1e-05,2.65,1e-06,1,0.02,0.035412,12942
159.135162676261,159.135162676261,1,1,1,0.001,1e-06,5,0.25,50,8,6e-04,0.3,0.15,0.8,4,1e-05,2.65,1e-06,1,0.02,0.037627,25324
27.6617647058824,544,1,1,1,0.001,1e-06,5,0.25,50,8,6e-04,0.3,0.15,0.8,4,1e-05,2.65,1e-06,1,0.02,0.024619,15048
27.1548507462687,536,1,1,1,0.001,1e-06,5,0.25,50,8,6e-04,0.3,0.15,0.8,4,1e-05,2.65,1e-06,1,0.02,0.03428,14555
161.511609489844,161.511609489844,1,1,1,0.001,1e-06,5,0.25,50,8,6e-04,0.3,0.15,0.8,4,1e-05,2.65,1e-06,1,0.02,0.043769,26086
17,50,1,1,1,0.001,1e-06,5,0.25,50,8,6e-04,0.3,0.15,0.8,4,1e-05,2.65,1e-06,1,0.02,0.033553,850
254.021276595745,47,1,1,1,0.001,1e-06,5,0.25,50,8,6e-04,0.3,0.15,0.8,4,1e-05,2.65,1e-06,1,0.02,0.028814,11939
171.819672913203,171.819672913203,1,1,1,0.001,1e-06,5,0.25,50,8,6e-04,0.3,0.15,0.8,4,1e-05,2.65,1e-06,1,0.02,0.03158,29522
31.5823095823096,407,1,1,1,0.001,1e-06,5,0.25,50,8,6e-04,0.3,0.15,0.8,4,1e-05,2.65,1e-06,1,0.02,0.064061,12854
48.8443935926773,437,1,1,1,0.001,1e-06,5,0.25,50,8,6e-04,0.3,0.15,0.8,4,1e-05,2.65,1e-06,1,0.02,0.044686,21345
20.5514705882353,272,1,1,1,0.001,1e-06,5,0.25,50,8,6e-04,0.3,0.15,0.8,4,1e-05,2.65,1e-06,1,0.02,0.128815,5590
29.3550724637681,276,1,1,1,0.001,1e-06,5,0.25,50,8,6e-04,0.3,0.15,0.8,4,1e-05,2.65,1e-06,1,0.02,0.120676,8102
139.396373056995,386,3,1,1,0.001,1e-06,5,0.25,50,8,6e-04,0.3,0.15,0.8,4,1e-05,2.65,1e-06,1,0.02,0.049245,53807
125.371647509579,261,1,1,1,0.001,1e-06,5,0.25,50,8,6e-04,0.3,0.15,0.8,4,1e-05,2.65,1e-06,1,0.02,0.066945,32722
32.9080459770115,261,1,1,1,0.001,1e-06,5,0.25,50,8,6e-04,0.3,0.15,0.8,4,1e-05,2.65,1e-06,1,0.02,0.101152,8589
6.13888888888889,36,1,1,1,0.001,1e-06,5,0.25,50,8,6e-04,0.3,0.15,0.8,4,1e-05,2.65,1e-06,1,0.02,0.173335,221
78.9868421052632,76,1,1,1,0.001,1e-06,5,0.25,50,8,6e-04,0.3,0.15,0.8,4,1e-05,2.65,1e-06,1,0.02,0.043592,6003
89.5966709346991,781,5,1,1,0.001,1e-06,5,0.25,50,8,6e-04,0.3,0.15,0.8,4,1e-05,2.65,1e-06,1,0.02,0.039692,69975
41.6951530612245,784,2,1,1,0.001,1e-06,5,0.25,50,8,6e-04,0.3,0.15,0.8,4,1e-05,2.65,1e-06,1,0.02,0.065021,32689
158.817505332378,158.817505332378,1,1,1,0.001,1e-06,5,0.25,50,8,6e-04,0.3,0.15,0.8,4,1e-05,2.65,1e-06,1,0.02,0.050521,25223
63.210355987055,309,1,1,1,0.001,1e-06,5,0.25,50,8,6e-04,0.3,0.15,0.8,4,1e-05,2.65,1e-06,1,0.02,0.051327,19532
13.640522875817,306,1,1,1,0.001,1e-06,5,0.25,50,8,6e-04,0.3,0.15,0.8,4,1e-05,2.65,1e-06,1,0.02,0.119039,4174
113.076452599388,327,1,1,1,0.001,1e-06,5,0.25,50,8,6e-04,0.3,0.15,0.8,4,1e-05,2.65,1e-06,1,0.02,0.044726,36976
29.8601823708207,329,1,1,1,0.001,1e-06,5,0.25,50,8,6e-04,0.3,0.15,0.8,4,1e-05,2.65,1e-06,1,0.02,0.084423,9824
53.1378504672897,428,2,1,1,0.001,1e-06,5,0.25,50,8,6e-04,0.3,0.15,0.8,4,1e-05,2.65,1e-06,1,0.02,0.039452,22743
78.5883720930233,430,1,1,1,0.001,1e-06,5,0.25,50,8,6e-04,0.3,0.15,0.8,4,1e-05,2.65,1e-06,1,0.02,0.036741,33793
22.2826086956522,138,1,1,1,0.001,1e-06,5,0.25,50,8,6e-04,0.3,0.15,0.8,4,1e-05,2.65,1e-06,1,0.02,0.063923,3075
25.2173913043478,207,1,1,1,0.001,1e-06,5,0.25,50,8,6e-04,0.3,0.15,0.8,4,1e-05,2.65,1e-06,1,0.02,0.073295,5220
27.4192546583851,322,1,1,1,0.001,1e-06,5,0.25,50,8,6e-04,0.3,0.15,0.8,4,1e-05,2.65,1e-06,1,0.02,0.03457,8829
14.5617283950617,324,1,1,1,0.001,1e-06,5,0.25,50,8,6e-04,0.3,0.15,0.8,4,1e-05,2.65,1e-06,1,0.02,0.156585,4718
176.592751833137,176.592751833137,2,1,1,0.001,1e-06,5,0.25,50,8,6e-04,0.3,0.15,0.8,4,1e-05,2.65,1e-06,1,0.02,0.077907,31185
64.0477528089888,356,2,1,1,0.001,1e-06,5,0.25,50,8,6e-04,0.3,0.15,0.8,4,1e-05,2.65,1e-06,1,0.02,0.043637,22801
134.189655172414,348,2,1,1,0.001,1e-06,5,0.25,50,8,6e-04,0.3,0.15,0.8,4,1e-05,2.65,1e-06,1,0.02,0.033694,46698
158.710428138796,158.710428138796,1,1,1,0.001,1e-06,5,0.25,50,8,6e-04,0.3,0.15,0.8,4,1e-05,2.65,1e-06,1,0.02,0.039342,25189
42.5294117647059,34,1,1,1,0.001,1e-06,5,0.25,50,8,6e-04,0.3,0.15,0.8,4,1e-05,2.65,1e-06,1,0.02,0.014767,1446
38.5588235294118,34,1,1,1,0.001,1e-06,5,0.25,50,8,6e-04,0.3,0.15,0.8,4,1e-05,2.65,1e-06,1,0.02,0.018416,1311
159.370637195187,159.370637195187,1,1,1,0.001,1e-06,5,0.25,50,8,6e-04,0.3,0.15,0.8,4,1e-05,2.65,1e-06,1,0.02,0.038233,25399
80.2025316455696,79,1,1,1,0.001,1e-06,5,0.25,50,8,6e-04,0.3,0.15,0.8,4,1e-05,2.65,1e-06,1,0.02,0.03164,6336
35.9932735426009,446,1,1,1,0.001,1e-06,5,0.25,50,8,6e-04,0.3,0.15,0.8,4,1e-05,2.65,1e-06,1,0.02,0.036116,16053
87.0022831050228,438,2,1,1,0.001,1e-06,5,0.25,50,8,6e-04,0.3,0.15,0.8,4,1e-05,2.65,1e-06,1,0.02,0.026152,38107
18.921875,64,1,1,1,0.001,1e-06,5,0.25,50,8,6e-04,0.3,0.15,0.8,4,1e-05,2.65,1e-06,1,0.02,0.016619,1211
8.22972972972973,74,1,1,1,0.001,1e-06,5,0.25,50,8,6e-04,0.3,0.15,0.8,4,1e-05,2.65,1e-06,1,0.02,0.015972,609
187.229805319559,187.229805319559,2,1,1,0.001,1e-06,5,0.25,50,8,6e-04,0.3,0.15,0.8,4,1e-05,2.65,1e-06,1,0.02,0.04849,35055
142.5,4,1,1,1,0.001,1e-06,5,0.25,50,8,6e-04,0.3,0.15,0.8,4,1e-05,2.65,1e-06,1,0.02,0.010827,570
14,5,1,1,1,0.001,1e-06,5,0.25,50,8,6e-04,0.3,0.15,0.8,4,1e-05,2.65,1e-06,1,0.02,0.013028,70
65.2295918367347,196,1,1,1,0.001,1e-06,5,0.25,50,8,6e-04,0.3,0.15,0.8,4,1e-05,2.65,1e-06,1,0.02,0.046044,12785
75.5,196,1,1,1,0.001,1e-06,5,0.25,50,8,6e-04,0.3,0.15,0.8,4,1e-05,2.65,1e-06,1,0.02,0.05404,14798
102.415300546448,183,1,1,1,0.001,1e-06,5,0.25,50,8,6e-04,0.3,0.15,0.8,4,1e-05,2.65,1e-06,1,0.02,0.037583,18742
217.058139534884,172,2,1,1,0.001,1e-06,5,0.25,50,8,6e-04,0.3,0.15,0.8,4,1e-05,2.65,1e-06,1,0.02,0.02986,37334
162.97852619287,162.97852619287,2,1,1,0.001,1e-06,5,0.25,50,8,6e-04,0.3,0.15,0.8,4,1e-05,2.65,1e-06,1,0.02,0.045018,26562
107.906040268456,447,3,1,1,0.001,1e-06,5,0.25,50,8,6e-04,0.3,0.15,0.8,4,1e-05,2.65,1e-06,1,0.02,0.048033,48234
72.4377682403433,466,1,1,1,0.001,1e-06,5,0.25,50,8,6e-04,0.3,0.15,0.8,4,1e-05,2.65,1e-06,1,0.02,0.047956,33756
158.770274295915,158.770274295915,1,1,1,0.001,1e-06,5,0.25,50,8,6e-04,0.3,0.15,0.8,4,1e-05,2.65,1e-06,1,0.02,0.036452,25208
158.117045254457,158.117045254457,1,1,1,0.001,1e-06,5,0.25,50,8,6e-04,0.3,0.15,0.8,4,1e-05,2.65,1e-06,1,0.02,0.021021,25001
24.5086206896552,116,1,1,1,0.001,1e-06,5,0.25,50,8,6e-04,0.3,0.15,0.8,4,1e-05,2.65,1e-06,1,0.02,0.063971,2843
171.565217391304,115,1,1,1,0.001,1e-06,5,0.25,50,8,6e-04,0.3,0.15,0.8,4,1e-05,2.65,1e-06,1,0.02,0.040647,19730
16.2321428571429,56,1,1,1,0.001,1e-06,5,0.25,50,8,6e-04,0.3,0.15,0.8,4,1e-05,2.65,1e-06,1,0.02,0.031577,909
34.1803278688525,61,1,1,1,0.001,1e-06,5,0.25,50,8,6e-04,0.3,0.15,0.8,4,1e-05,2.65,1e-06,1,0.02,0.033551,2085
166.270863352543,166.270863352543,2,1,1,0.001,1e-06,5,0.25,50,8,6e-04,0.3,0.15,0.8,4,1e-05,2.65,1e-06,1,0.02,0.054268,27646
137.825301204819,166,1,1,1,0.001,1e-06,5,0.25,50,8,6e-04,0.3,0.15,0.8,4,1e-05,2.65,1e-06,1,0.02,0.023514,22879
164.401162790698,172,1,1,1,0.001,1e-06,5,0.25,50,8,6e-04,0.3,0.15,0.8,4,1e-05,2.65,1e-06,1,0.02,0.055273,28277
170.334964114829,170.334964114829,1,1,1,0.001,1e-06,5,0.25,50,8,6e-04,0.3,0.15,0.8,4,1e-05,2.65,1e-06,1,0.02,0.029248,29014
86.8629550321199,467,2,1,1,0.001,1e-06,5,0.25,50,8,6e-04,0.3,0.15,0.8,4,1e-05,2.65,1e-06,1,0.02,0.048473,40565
32.6845493562232,466,1,1,1,0.001,1e-06,5,0.25,50,8,6e-04,0.3,0.15,0.8,4,1e-05,2.65,1e-06,1,0.02,0.052551,15231
11.96,125,1,1,1,0.001,1e-06,5,0.25,50,8,6e-04,0.3,0.15,0.8,4,1e-05,2.65,1e-06,1,0.02,0.056421,1495
48.128762541806,598,1,1,1,0.001,1e-06,5,0.25,50,8,6e-04,0.3,0.15,0.8,4,1e-05,2.65,1e-06,1,0.02,0.067959,28781
55.8438287153652,397,1,1,1,0.001,1e-06,5,0.25,50,8,6e-04,0.3,0.15,0.8,4,1e-05,2.65,1e-06,1,0.02,0.035421,22170
53.1142857142857,420,1,1,1,0.001,1e-06,5,0.25,50,8,6e-04,0.3,0.15,0.8,4,1e-05,2.65,1e-06,1,0.02,0.042275,22308
171.55174146595,171.55174146595,2,1,1,0.001,1e-06,5,0.25,50,8,6e-04,0.3,0.15,0.8,4,1e-05,2.65,1e-06,1,0.02,0.053618,29430
22.1546391752577,194,1,1,1,0.001,1e-06,5,0.25,50,8,6e-04,0.3,0.15,0.8,4,1e-05,2.65,1e-06,1,0.02,0.040266,4298
158.508674841474,158.508674841474,1,1,1,0.001,1e-06,5,0.25,50,8,6e-04,0.3,0.15,0.8,4,1e-05,2.65,1e-06,1,0.02,0.041025,25125
46.6390977443609,266,1,1,1,0.001,1e-06,5,0.25,50,8,6e-04,0.3,0.15,0.8,4,1e-05,2.65,1e-06,1,0.02,0.045476,12406
138.857142857143,238,2,1,1,0.001,1e-06,5,0.25,50,8,6e-04,0.3,0.15,0.8,4,1e-05,2.65,1e-06,1,0.02,0.014406,33048
160,160,1,1,1,0.001,1e-06,5,0.25,50,8,6e-04,0.3,0.15,0.8,4,1e-05,2.65,1e-06,1,0.02,0.021671,25600
171.615850083843,171.615850083843,2,1,1,0.001,1e-06,5,0.25,50,8,6e-04,0.3,0.15,0.8,4,1e-05,2.65,1e-06,1,0.02,0.058906,29452
158.170793764209,158.170793764209,1,1,1,0.001,1e-06,5,0.25,50,8,6e-04,0.3,0.15,0.8,4,1e-05,2.65,1e-06,1,0.02,0.053988,25018
71.6480582524272,1236,3,1,1,0.001,1e-06,5,0.25,50,8,6e-04,0.3,0.15,0.8,4,1e-05,2.65,1e-06,1,0.02,0.058398,88557
76.7031630170316,1233,7,1,1,0.001,1e-06,5,0.25,50,8,6e-04,0.3,0.15,0.8,4,1e-05,2.65,1e-06,1,0.02,0.043245,94575
77.4976958525346,217,1,1,1,0.001,1e-06,5,0.25,50,8,6e-04,0.3,0.15,0.8,4,1e-05,2.65,1e-06,1,0.02,0.032093,16817
104.306220095694,209,2,1,1,0.001,1e-06,5,0.25,50,8,6e-04,0.3,0.15,0.8,4,1e-05,2.65,1e-06,1,0.02,0.038883,21800
160.85397104206,160.85397104206,1,1,1,0.001,1e-06,5,0.25,50,8,6e-04,0.3,0.15,0.8,4,1e-05,2.65,1e-06,1,0.02,0.031302,25874
14.3,30,1,1,1,0.001,1e-06,5,0.25,50,8,6e-04,0.3,0.15,0.8,4,1e-05,2.65,1e-06,1,0.02,0.066825,429
8.48484848484848,33,1,1,1,0.001,1e-06,5,0.25,50,8,6e-04,0.3,0.15,0.8,4,1e-05,2.65,1e-06,1,0.02,0.079002,280
49.4888888888889,90,1,1,1,0.001,1e-06,5,0.25,50,8,6e-04,0.3,0.15,0.8,4,1e-05,2.65,1e-06,1,0.02,0.042824,4454
20.0135135135135,74,1,1,1,0.001,1e-06,5,0.25,50,8,6e-04,0.3,0.15,0.8,4,1e-05,2.65,1e-06,1,0.02,0.021208,1481
161.176921424874,161.176921424874,1,1,1,0.001,1e-06,5,0.25,50,8,6e-04,0.3,0.15,0.8,4,1e-05,2.65,1e-06,1,0.02,0.044183,25978
22.4319526627219,338,1,1,1,0.001,1e-06,5,0.25,50,8,6e-04,0.3,0.15,0.8,4,1e-05,2.65,1e-06,1,0.02,0.051826,7582
46.4294117647059,340,1,1,1,0.001,1e-06,5,0.25,50,8,6e-04,0.3,0.15,0.8,4,1e-05,2.65,1e-06,1,0.02,0.044612,15786
160.950302888811,160.950302888811,2,1,1,0.001,1e-06,5,0.25,50,8,6e-04,0.3,0.15,0.8,4,1e-05,2.65,1e-06,1,0.02,0.035444,25905
163.97311827957,186,2,1,1,0.001,1e-06,5,0.25,50,8,6e-04,0.3,0.15,0.8,4,1e-05,2.65,1e-06,1,0.02,0.025677,30499
91.1092896174863,183,1,1,1,0.001,1e-06,5,0.25,50,8,6e-04,0.3,0.15,0.8,4,1e-05,2.65,1e-06,1,0.02,0.051699,16673
188.06913622389,188.06913622389,2,1,1,0.001,1e-06,5,0.25,50,8,6e-04,0.3,0.15,0.8,4,1e-05,2.65,1e-06,1,0.02,0.031874,35370
47.2244897959184,441,1,1,1,0.001,1e-06,5,0.25,50,8,6e-04,0.3,0.15,0.8,4,1e-05,2.65,1e-06,1,0.02,0.017209,20826
29.4089834515366,423,1,1,1,0.001,1e-06,5,0.25,50,8,6e-04,0.3,0.15,0.8,4,1e-05,2.65,1e-06,1,0.02,0.018562,12440
160.178025958619,160.178025958619,1,1,1,0.001,1e-06,5,0.25,50,8,6e-04,0.3,0.15,0.8,4,1e-05,2.65,1e-06,1,0.02,0.033197,25657
21.8068181818182,264,1,1,1,0.001,1e-06,5,0.25,50,8,6e-04,0.3,0.15,0.8,4,1e-05,2.65,1e-06,1,0.02,0.041813,5757
24.1839622641509,212,1,1,1,0.001,1e-06,5,0.25,50,8,6e-04,0.3,0.15,0.8,4,1e-05,2.65,1e-06,1,0.02,0.023673,5127
26.5761904761905,210,1,1,1,0.001,1e-06,5,0.25,50,8,6e-04,0.3,0.15,0.8,4,1e-05,2.65,1e-06,1,0.02,0.025742,5581
161.00931650063,161.00931650063,1,1,1,0.001,1e-06,5,0.25,50,8,6e-04,0.3,0.15,0.8,4,1e-05,2.65,1e-06,1,0.02,0.023599,25924
20.35,80,1,1,1,0.001,1e-06,5,0.25,50,8,6e-04,0.3,0.15,0.8,4,1e-05,2.65,1e-06,1,0.02,0.042375,1628
158.23084402227,158.23084402227,1,1,1,0.001,1e-06,5,0.25,50,8,6e-04,0.3,0.15,0.8,4,1e-05,2.65,1e-06,1,0.02,0.04959,25037
16.2545871559633,436,1,1,1,0.001,1e-06,5,0.25,50,8,6e-04,0.3,0.15,0.8,4,1e-05,2.65,1e-06,1,0.02,0.034341,7087
160.47191011236,445,4,1,1,0.001,1e-06,5,0.25,50,8,6e-04,0.3,0.15,0.8,4,1e-05,2.65,1e-06,1,0.02,0.023049,71410
184.529130491638,184.529130491638,2,1,1,0.001,1e-06,5,0.25,50,8,6e-04,0.3,0.15,0.8,4,1e-05,2.65,1e-06,1,0.02,0.019873,34051
36.1586776859504,605,1,1,1,0.001,1e-06,5,0.25,50,8,6e-04,0.3,0.15,0.8,4,1e-05,2.65,1e-06,1,0.02,0.040831,21876
21.5775862068966,116,1,1,1,0.001,1e-06,5,0.25,50,8,6e-04,0.3,0.15,0.8,4,1e-05,2.65,1e-06,1,0.02,0.038458,2503
52.6111111111111,54,1,1,1,0.001,1e-06,5,0.25,50,8,6e-04,0.3,0.15,0.8,4,1e-05,2.65,1e-06,1,0.02,0.055359,2841
3.43181818181818,44,1,1,1,0.001,1e-06,5,0.25,50,8,6e-04,0.3,0.15,0.8,4,1e-05,2.65,1e-06,1,0.02,0.050628,151
158.335087709579,158.335087709579,1,1,1,0.001,1e-06,5,0.25,50,8,6e-04,0.3,0.15,0.8,4,1e-05,2.65,1e-06,1,0.02,0.039455,25070
62.584126984127,315,1,1,1,0.001,1e-06,5,0.25,50,8,6e-04,0.3,0.15,0.8,4,1e-05,2.65,1e-06,1,0.02,0.043102,19714
36.5348101265823,316,1,1,1,0.001,1e-06,5,0.25,50,8,6e-04,0.3,0.15,0.8,4,1e-05,2.65,1e-06,1,0.02,0.035974,11545
159.934361536225,159.934361536225,1,1,1,0.001,1e-06,5,0.25,50,8,6e-04,0.3,0.15,0.8,4,1e-05,2.65,1e-06,1,0.02,0.026028,25579
17.4098360655738,122,1,1,1,0.001,1e-06,5,0.25,50,8,6e-04,0.3,0.15,0.8,4,1e-05,2.65,1e-06,1,0.02,0.116602,2124
180.585365853659,123,1,1,1,0.001,1e-06,5,0.25,50,8,6e-04,0.3,0.15,0.8,4,1e-05,2.65,1e-06,1,0.02,0.027251,22212
22.2272727272727,154,1,1,1,0.001,1e-06,5,0.25,50,8,6e-04,0.3,0.15,0.8,4,1e-05,2.65,1e-06,1,0.02,0.076313,3423
9.25161290322581,155,1,1,1,0.001,1e-06,5,0.25,50,8,6e-04,0.3,0.15,0.8,4,1e-05,2.65,1e-06,1,0.02,0.187391,1434
86.798087141339,941,5,1,1,0.001,1e-06,5,0.25,50,8,6e-04,0.3,0.15,0.8,4,1e-05,2.65,1e-06,1,0.02,0.04253,81677
39.8854166666667,960,1,1,1,0.001,1e-06,5,0.25,50,8,6e-04,0.3,0.15,0.8,4,1e-05,2.65,1e-06,1,0.02,0.053812,38290
158.202402004521,158.202402004521,1,1,1,0.001,1e-06,5,0.25,50,8,6e-04,0.3,0.15,0.8,4,1e-05,2.65,1e-06,1,0.02,0.052039,25028
10.4285714285714,21,1,1,1,0.001,1e-06,5,0.25,50,8,6e-04,0.3,0.15,0.8,4,1e-05,2.65,1e-06,1,0.02,0.076183,219
58.8260869565217,23,1,1,1,0.001,1e-06,5,0.25,50,8,6e-04,0.3,0.15,0.8,4,1e-05,2.65,1e-06,1,0.02,0.032374,1353
203.290432632724,203.290432632724,2,1,1,0.001,1e-06,5,0.25,50,8,6e-04,0.3,0.15,0.8,4,1e-05,2.65,1e-06,1,0.02,0.050018,41327
13.1797752808989,89,1,1,1,0.001,1e-06,5,0.25,50,8,6e-04,0.3,0.15,0.8,4,1e-05,2.65,1e-06,1,0.02,0.112138,1173
11.75,88,1,1,1,0.001,1e-06,5,0.25,50,8,6e-04,0.3,0.15,0.8,4,1e-05,2.65,1e-06,1,0.02,0.145094,1034
20.8205128205128,78,1,1,1,0.001,1e-06,5,0.25,50,8,6e-04,0.3,0.15,0.8,4,1e-05,2.65,1e-06,1,0.02,0.029287,1624
14.4302325581395,86,1,1,1,0.001,1e-06,5,0.25,50,8,6e-04,0.3,0.15,0.8,4,1e-05,2.65,1e-06,1,0.02,0.035499,1241
21.0566037735849,53,1,1,1,0.001,1e-06,5,0.25,50,8,6e-04,0.3,0.15,0.8,4,1e-05,2.65,1e-06,1,0.02,0.022422,1116
19.8039215686275,51,1,1,1,0.001,1e-06,5,0.25,50,8,6e-04,0.3,0.15,0.8,4,1e-05,2.65,1e-06,1,0.02,0.03162,1010
158.192920195564,158.192920195564,1,1,1,0.001,1e-06,5,0.25,50,8,6e-04,0.3,0.15,0.8,4,1e-05,2.65,1e-06,1,0.02,0.049079,25025
8.29032258064516,31,1,1,1,0.001,1e-06,5,0.25,50,8,6e-04,0.3,0.15,0.8,4,1e-05,2.65,1e-06,1,0.02,0.037644,257
12.1923076923077,26,1,1,1,0.001,1e-06,5,0.25,50,8,6e-04,0.3,0.15,0.8,4,1e-05,2.65,1e-06,1,0.02,0.030452,317
160.810447421802,160.810447421802,1,1,1,0.001,1e-06,5,0.25,50,8,6e-04,0.3,0.15,0.8,4,1e-05,2.65,1e-06,1,0.02,0.039153,25860
15.2697368421053,152,1,1,1,0.001,1e-06,5,0.25,50,8,6e-04,0.3,0.15,0.8,4,1e-05,2.65,1e-06,1,0.02,0.100999,2321
176.153333333333,150,1,1,1,0.001,1e-06,5,0.25,50,8,6e-04,0.3,0.15,0.8,4,1e-05,2.65,1e-06,1,0.02,0.04649,26423
26.2941176470588,17,1,1,1,0.001,1e-06,5,0.25,50,8,6e-04,0.3,0.15,0.8,4,1e-05,2.65,1e-06,1,0.02,0.028136,447
19.2941176470588,17,1,1,1,0.001,1e-06,5,0.25,50,8,6e-04,0.3,0.15,0.8,4,1e-05,2.65,1e-06,1,0.02,0.029086,328
158.16447135814,158.16447135814,1,1,1,0.001,1e-06,5,0.25,50,8,6e-04,0.3,0.15,0.8,4,1e-05,2.65,1e-06,1,0.02,0.039409,25016
8.08888888888889,45,1,1,1,0.001,1e-06,5,0.25,50,8,6e-04,0.3,0.15,0.8,4,1e-05,2.65,1e-06,1,0.02,0.157054,364
14.75,44,1,1,1,0.001,1e-06,5,0.25,50,8,6e-04,0.3,0.15,0.8,4,1e-05,2.65,1e-06,1,0.02,0.093641,649
21.962962962963,135,1,1,1,0.001,1e-06,5,0.25,50,8,6e-04,0.3,0.15,0.8,4,1e-05,2.65,1e-06,1,0.02,0.041716,2965
22.3777777777778,135,1,1,1,0.001,1e-06,5,0.25,50,8,6e-04,0.3,0.15,0.8,4,1e-05,2.65,1e-06,1,0.02,0.029095,3021
158.682072081253,158.682072081253,2,1,1,0.001,1e-06,5,0.25,50,8,6e-04,0.3,0.15,0.8,4,1e-05,2.65,1e-06,1,0.02,0.039561,25180
28.8875,80,1,1,1,0.001,1e-06,5,0.25,50,8,6e-04,0.3,0.15,0.8,4,1e-05,2.65,1e-06,1,0.02,0.065091,2311
63.4177215189873,79,1,1,1,0.001,1e-06,5,0.25,50,8,6e-04,0.3,0.15,0.8,4,1e-05,2.65,1e-06,1,0.02,0.051683,5010
25.350332594235,451,1,1,1,0.001,1e-06,5,0.25,50,8,6e-04,0.3,0.15,0.8,4,1e-05,2.65,1e-06,1,0.02,0.036707,11433
41.0291479820628,446,1,1,1,0.001,1e-06,5,0.25,50,8,6e-04,0.3,0.15,0.8,4,1e-05,2.65,1e-06,1,0.02,0.035893,18299
14.7183098591549,71,1,1,1,0.001,1e-06,5,0.25,50,8,6e-04,0.3,0.15,0.8,4,1e-05,2.65,1e-06,1,0.02,0.073274,1045
102.550724637681,69,1,1,1,0.001,1e-06,5,0.25,50,8,6e-04,0.3,0.15,0.8,4,1e-05,2.65,1e-06,1,0.02,0.045678,7076
50.6666666666667,123,1,1,1,0.001,1e-06,5,0.25,50,8,6e-04,0.3,0.15,0.8,4,1e-05,2.65,1e-06,1,0.02,0.03208,6232
18.2231404958678,121,1,1,1,0.001,1e-06,5,0.25,50,8,6e-04,0.3,0.15,0.8,4,1e-05,2.65,1e-06,1,0.02,0.029566,2205
158.483437620466,158.483437620466,1,1,1,0.001,1e-06,5,0.25,50,8,6e-04,0.3,0.15,0.8,4,1e-05,2.65,1e-06,1,0.02,0.037561,25117
5.83006535947712,153,1,1,1,0.001,1e-06,5,0.25,50,8,6e-04,0.3,0.15,0.8,4,1e-05,2.65,1e-06,1,0.02,0.20499,892
393.322147651007,149,3,1,1,0.001,1e-06,5,0.25,50,8,6e-04,0.3,0.15,0.8,4,1e-05,2.65,1e-06,1,0.02,0.038291,58605
44.9602649006623,151,1,1,1,0.001,1e-06,5,0.25,50,8,6e-04,0.3,0.15,0.8,4,1e-05,2.65,1e-06,1,0.02,0.043652,6789
21.7834394904459,157,1,1,1,0.001,1e-06,5,0.25,50,8,6e-04,0.3,0.15,0.8,4,1e-05,2.65,1e-06,1,0.02,0.056814,3420
47,52,1,1,1,0.001,1e-06,5,0.25,50,8,6e-04,0.3,0.15,0.8,4,1e-05,2.65,1e-06,1,0.02,0.025353,2444
19.6078431372549,51,1,1,1,0.001,1e-06,5,0.25,50,8,6e-04,0.3,0.15,0.8,4,1e-05,2.65,1e-06,1,0.02,0.038815,1000
51.2355371900826,242,1,1,1,0.001,1e-06,5,0.25,50,8,6e-04,0.3,0.15,0.8,4,1e-05,2.65,1e-06,1,0.02,0.038781,12399
20.745247148289,263,1,1,1,0.001,1e-06,5,0.25,50,8,6e-04,0.3,0.15,0.8,4,1e-05,2.65,1e-06,1,0.02,0.057304,5456
158.123369556812,158.123369556812,1,1,1,0.001,1e-06,5,0.25,50,8,6e-04,0.3,0.15,0.8,4,1e-05,2.65,1e-06,1,0.02,0.048709,25003
11.4050632911392,79,1,1,1,0.001,1e-06,5,0.25,50,8,6e-04,0.3,0.15,0.8,4,1e-05,2.65,1e-06,1,0.02,0.01645,901
6.21917808219178,73,1,1,1,0.001,1e-06,5,0.25,50,8,6e-04,0.3,0.15,0.8,4,1e-05,2.65,1e-06,1,0.02,0.017556,454
158.16447135814,158.16447135814,1,1,1,0.001,1e-06,5,0.25,50,8,6e-04,0.3,0.15,0.8,4,1e-05,2.65,1e-06,1,0.02,0.037581,25016
84.5505952380952,336,1,1,1,0.001,1e-06,5,0.25,50,8,6e-04,0.3,0.15,0.8,4,1e-05,2.65,1e-06,1,0.02,0.0231,28409
155.311688311688,308,4,1,1,0.001,1e-06,5,0.25,50,8,6e-04,0.3,0.15,0.8,4,1e-05,2.65,1e-06,1,0.02,0.024882,47836
171.09354166654,171.09354166654,2,1,1,0.001,1e-06,5,0.25,50,8,6e-04,0.3,0.15,0.8,4,1e-05,2.65,1e-06,1,0.02,0.030288,29273
11.4569536423841,302,1,1,1,0.001,1e-06,5,0.25,50,8,6e-04,0.3,0.15,0.8,4,1e-05,2.65,1e-06,1,0.02,0.114072,3460
86.7785234899329,298,3,1,1,0.001,1e-06,5,0.25,50,8,6e-04,0.3,0.15,0.8,4,1e-05,2.65,1e-06,1,0.02,0.050523,25860
22.588996763754,309,1,1,1,0.001,1e-06,5,0.25,50,8,6e-04,0.3,0.15,0.8,4,1e-05,2.65,1e-06,1,0.02,0.074221,6980
24.2547770700637,314,1,1,1,0.001,1e-06,5,0.25,50,8,6e-04,0.3,0.15,0.8,4,1e-05,2.65,1e-06,1,0.02,0.095121,7616
158.123369556812,158.123369556812,1,1,1,0.001,1e-06,5,0.25,50,8,6e-04,0.3,0.15,0.8,4,1e-05,2.65,1e-06,1,0.02,0.069069,25003
4.2,75,1,1,1,0.001,1e-06,5,0.25,50,8,6e-04,0.3,0.15,0.8,4,1e-05,2.65,1e-06,1,0.02,0.237457,315
284.578947368421,76,1,1,1,0.001,1e-06,5,0.25,50,8,6e-04,0.3,0.15,0.8,4,1e-05,2.65,1e-06,1,0.02,0.036861,21628
9.72164948453608,97,1,1,1,0.001,1e-06,5,0.25,50,8,6e-04,0.3,0.15,0.8,4,1e-05,2.65,1e-06,1,0.02,0.060368,943
8.82142857142857,28,1,1,1,0.001,1e-06,5,0.25,50,8,6e-04,0.3,0.15,0.8,4,1e-05,2.65,1e-06,1,0.02,0.050663,247
204.161700619876,204.161700619876,2,1,1,0.001,1e-06,5,0.25,50,8,6e-04,0.3,0.15,0.8,4,1e-05,2.65,1e-06,1,0.02,0.034723,41682
17.901185770751,253,1,1,1,0.001,1e-06,5,0.25,50,8,6e-04,0.3,0.15,0.8,4,1e-05,2.65,1e-06,1,0.02,0.0288,4529
19.7862903225806,248,1,1,1,0.001,1e-06,5,0.25,50,8,6e-04,0.3,0.15,0.8,4,1e-05,2.65,1e-06,1,0.02,0.03061,4907
158.26559954709,158.26559954709,1,1,1,0.001,1e-06,5,0.25,50,8,6e-04,0.3,0.15,0.8,4,1e-05,2.65,1e-06,1,0.02,0.033472,25048
89.6437125748503,334,2,1,1,0.001,1e-06,5,0.25,50,8,6e-04,0.3,0.15,0.8,4,1e-05,2.65,1e-06,1,0.02,0.025815,29941
21.8436578171091,339,1,1,1,0.001,1e-06,5,0.25,50,8,6e-04,0.3,0.15,0.8,4,1e-05,2.65,1e-06,1,0.02,0.031907,7405
175.251248212388,175.251248212388,2,1,1,0.001,1e-06,5,0.25,50,8,6e-04,0.3,0.15,0.8,4,1e-05,2.65,1e-06,1,0.02,0.032404,30713
7.72222222222222,90,1,1,1,0.001,1e-06,5,0.25,50,8,6e-04,0.3,0.15,0.8,4,1e-05,2.65,1e-06,1,0.02,0.11925,695
33.2921348314607,89,1,1,1,0.001,1e-06,5,0.25,50,8,6e-04,0.3,0.15,0.8,4,1e-05,2.65,1e-06,1,0.02,0.038925,2963
178.347974476864,178.347974476864,2,1,1,0.001,1e-06,5,0.25,50,8,6e-04,0.3,0.15,0.8,4,1e-05,2.65,1e-06,1,0.02,0.019837,31808
18.1447368421053,76,1,1,1,0.001,1e-06,5,0.25,50,8,6e-04,0.3,0.15,0.8,4,1e-05,2.65,1e-06,1,0.02,0.04946,1379
179.849937447862,179.849937447862,2,1,1,0.001,1e-06,5,0.25,50,8,6e-04,0.3,0.15,0.8,4,1e-05,2.65,1e-06,1,0.02,0.027535,32346
54.7218045112782,133,1,1,1,0.001,1e-06,5,0.25,50,8,6e-04,0.3,0.15,0.8,4,1e-05,2.65,1e-06,1,0.02,0.012444,7278
30.0068965517241,145,1,1,1,0.001,1e-06,5,0.25,50,8,6e-04,0.3,0.15,0.8,4,1e-05,2.65,1e-06,1,0.02,0.014704,4351
160.822883943797,160.822883943797,1,1,1,0.001,1e-06,5,0.25,50,8,6e-04,0.3,0.15,0.8,4,1e-05,2.65,1e-06,1,0.02,0.012255,25864
41.5232974910394,279,1,1,1,0.001,1e-06,5,0.25,50,8,6e-04,0.3,0.15,0.8,4,1e-05,2.65,1e-06,1,0.02,0.019536,11585
52.0280701754386,285,1,1,1,0.001,1e-06,5,0.25,50,8,6e-04,0.3,0.15,0.8,4,1e-05,2.65,1e-06,1,0.02,0.016856,14828
158.303505962439,158.303505962439,1,1,1,0.001,1e-06,5,0.25,50,8,6e-04,0.3,0.15,0.8,4,1e-05,2.65,1e-06,1,0.02,0.013194,25060
37.4208955223881,335,1,1,1,0.001,1e-06,5,0.25,50,8,6e-04,0.3,0.15,0.8,4,1e-05,2.65,1e-06,1,0.02,0.024153,12536
13.5697329376855,337,1,1,1,0.001,1e-06,5,0.25,50,8,6e-04,0.3,0.15,0.8,4,1e-05,2.65,1e-06,1,0.02,0.055022,4573
160.508566749566,160.508566749566,1,1,1,0.001,1e-06,5,0.25,50,8,6e-04,0.3,0.15,0.8,4,1e-05,2.65,1e-06,1,0.02,0.031688,25763
46,309,1,1,1,0.001,1e-06,5,0.25,50,8,6e-04,0.3,0.15,0.8,4,1e-05,2.65,1e-06,1,0.02,0.028519,14214
21.1768488745981,311,1,1,1,0.001,1e-06,5,0.25,50,8,6e-04,0.3,0.15,0.8,4,1e-05,2.65,1e-06,1,0.02,0.036023,6586
163.795604336624,163.795604336624,1,1,1,0.001,1e-06,5,0.25,50,8,6e-04,0.3,0.15,0.8,4,1e-05,2.65,1e-06,1,0.02,0.020473,26829
43.2863636363636,440,1,1,1,0.001,1e-06,5,0.25,50,8,6e-04,0.3,0.15,0.8,4,1e-05,2.65,1e-06,1,0.02,0.038664,19046
28.7165898617512,434,1,1,1,0.001,1e-06,5,0.25,50,8,6e-04,0.3,0.15,0.8,4,1e-05,2.65,1e-06,1,0.02,0.039903,12463
159.461594122221,159.461594122221,1,1,1,0.001,1e-06,5,0.25,50,8,6e-04,0.3,0.15,0.8,4,1e-05,2.65,1e-06,1,0.02,0.019608,25428
24.4760312151617,897,1,1,1,0.001,1e-06,5,0.25,50,8,6e-04,0.3,0.15,0.8,4,1e-05,2.65,1e-06,1,0.02,0.053505,21955
31.4422057264051,943,1,1,1,0.001,1e-06,5,0.25,50,8,6e-04,0.3,0.15,0.8,4,1e-05,2.65,1e-06,1,0.02,0.056337,29650
184.810344827586,58,1,1,1,0.001,1e-06,5,0.25,50,8,6e-04,0.3,0.15,0.8,4,1e-05,2.65,1e-06,1,0.02,0.010963,10719
173.203703703704,54,1,1,1,0.001,1e-06,5,0.25,50,8,6e-04,0.3,0.15,0.8,4,1e-05,2.65,1e-06,1,0.02,0.016931,9353
31.016393442623,61,1,1,1,0.001,1e-06,5,0.25,50,8,6e-04,0.3,0.15,0.8,4,1e-05,2.65,1e-06,1,0.02,0.014711,1892
49.2435897435897,78,1,1,1,0.001,1e-06,5,0.25,50,8,6e-04,0.3,0.15,0.8,4,1e-05,2.65,1e-06,1,0.02,0.015894,3841
41.5294117647059,255,1,1,1,0.001,1e-06,5,0.25,50,8,6e-04,0.3,0.15,0.8,4,1e-05,2.65,1e-06,1,0.02,0.015095,10590
74.8136200716846,279,1,1,1,0.001,1e-06,5,0.25,50,8,6e-04,0.3,0.15,0.8,4,1e-05,2.65,1e-06,1,0.02,0.017551,20873
164.711869639076,164.711869639076,2,1,1,0.001,1e-06,5,0.25,50,8,6e-04,0.3,0.15,0.8,4,1e-05,2.65,1e-06,1,0.02,0.01489,27130
14.6629213483146,89,1,1,1,0.001,1e-06,5,0.25,50,8,6e-04,0.3,0.15,0.8,4,1e-05,2.65,1e-06,1,0.02,0.019029,1305
24.4842105263158,95,1,1,1,0.001,1e-06,5,0.25,50,8,6e-04,0.3,0.15,0.8,4,1e-05,2.65,1e-06,1,0.02,0.016556,2326
165.078769077068,165.078769077068,2,1,1,0.001,1e-06,5,0.25,50,8,6e-04,0.3,0.15,0.8,4,1e-05,2.65,1e-06,1,0.02,0.016583,27251
13.046357615894,151,1,1,1,0.001,1e-06,5,0.25,50,8,6e-04,0.3,0.15,0.8,4,1e-05,2.65,1e-06,1,0.02,0.01715,1970
30.2302631578947,152,1,1,1,0.001,1e-06,5,0.25,50,8,6e-04,0.3,0.15,0.8,4,1e-05,2.65,1e-06,1,0.02,0.01348,4595
170.387792989991,170.387792989991,2,1,1,0.001,1e-06,5,0.25,50,8,6e-04,0.3,0.15,0.8,4,1e-05,2.65,1e-06,1,0.02,0.021013,29032
22.9428571428571,70,1,1,1,0.001,1e-06,5,0.25,50,8,6e-04,0.3,0.15,0.8,4,1e-05,2.65,1e-06,1,0.02,0.041643,1606
31.7272727272727,77,1,1,1,0.001,1e-06,5,0.25,50,8,6e-04,0.3,0.15,0.8,4,1e-05,2.65,1e-06,1,0.02,0.031584,2443
158.189759466282,158.189759466282,1,1,1,0.001,1e-06,5,0.25,50,8,6e-04,0.3,0.15,0.8,4,1e-05,2.65,1e-06,1,0.02,0.038243,25024
54.6865671641791,1005,2,1,1,0.001,1e-06,5,0.25,50,8,6e-04,0.3,0.15,0.8,4,1e-05,2.65,1e-06,1,0.02,0.029966,54960
60.3723196881092,1026,3,1,1,0.001,1e-06,5,0.25,50,8,6e-04,0.3,0.15,0.8,4,1e-05,2.65,1e-06,1,0.02,0.025614,61942
158.154987275141,158.154987275141,1,1,1,0.001,1e-06,5,0.25,50,8,6e-04,0.3,0.15,0.8,4,1e-05,2.65,1e-06,1,0.02,0.025261,25013
284.791666666667,72,2,1,1,0.001,1e-06,5,0.25,50,8,6e-04,0.3,0.15,0.8,4,1e-05,2.65,1e-06,1,0.02,0.07367,20505
44.7481751824818,548,1,1,1,0.001,1e-06,5,0.25,50,8,6e-04,0.3,0.15,0.8,4,1e-05,2.65,1e-06,1,0.02,0.03771,24522
20.1076642335766,548,1,1,1,0.001,1e-06,5,0.25,50,8,6e-04,0.3,0.15,0.8,4,1e-05,2.65,1e-06,1,0.02,0.068483,11019
40.1236442516269,461,1,1,1,0.001,1e-06,5,0.25,50,8,6e-04,0.3,0.15,0.8,4,1e-05,2.65,1e-06,1,0.02,0.034653,18497
50.7747933884297,484,1,1,1,0.001,1e-06,5,0.25,50,8,6e-04,0.3,0.15,0.8,4,1e-05,2.65,1e-06,1,0.02,0.032612,24575
158.132855536097,158.132855536097,1,1,1,0.001,1e-06,5,0.25,50,8,6e-04,0.3,0.15,0.8,4,1e-05,2.65,1e-06,1,0.02,0.048968,25006
23.2658862876254,598,1,1,1,0.001,1e-06,5,0.25,50,8,6e-04,0.3,0.15,0.8,4,1e-05,2.65,1e-06,1,0.02,0.024561,13913
24.0665434380776,541,1,1,1,0.001,1e-06,5,0.25,50,8,6e-04,0.3,0.15,0.8,4,1e-05,2.65,1e-06,1,0.02,0.017915,13020
158.139179206166,158.139179206166,1,1,1,0.001,1e-06,5,0.25,50,8,6e-04,0.3,0.15,0.8,4,1e-05,2.65,1e-06,1,0.02,0.025106,25008
23.7807692307692,260,1,1,1,0.001,1e-06,5,0.25,50,8,6e-04,0.3,0.15,0.8,4,1e-05,2.65,1e-06,1,0.02,0.036095,6183
24.1766917293233,266,1,1,1,0.001,1e-06,5,0.25,50,8,6e-04,0.3,0.15,0.8,4,1e-05,2.65,1e-06,1,0.02,0.055025,6431
158.139179206166,158.139179206166,1,1,1,0.001,1e-06,5,0.25,50,8,6e-04,0.3,0.15,0.8,4,1e-05,2.65,1e-06,1,0.02,0.024801,25008
234.033333333333,60,1,1,1,0.001,1e-06,5,0.25,50,8,6e-04,0.3,0.15,0.8,4,1e-05,2.65,1e-06,1,0.02,0.0282,14042
110.203389830508,118,1,1,1,0.001,1e-06,5,0.25,50,8,6e-04,0.3,0.15,0.8,4,1e-05,2.65,1e-06,1,0.02,0.051084,13004
171.583333333333,120,2,1,1,0.001,1e-06,5,0.25,50,8,6e-04,0.3,0.15,0.8,4,1e-05,2.65,1e-06,1,0.02,0.032104,20590
50.4079639368896,1331,2,1,1,0.001,1e-06,5,0.25,50,8,6e-04,0.3,0.15,0.8,4,1e-05,2.65,1e-06,1,0.02,0.017364,67093
82.1688923802042,1273,7,1,1,0.001,1e-06,5,0.25,50,8,6e-04,0.3,0.15,0.8,4,1e-05,2.65,1e-06,1,0.02,0.016115,104601
179.150774488976,179.150774488976,2,1,1,0.001,1e-06,5,0.25,50,8,6e-04,0.3,0.15,0.8,4,1e-05,2.65,1e-06,1,0.02,0.029886,32095
243.526315789474,95,1,1,1,0.001,1e-06,5,0.25,50,8,6e-04,0.3,0.15,0.8,4,1e-05,2.65,1e-06,1,0.02,0.015454,23135
27.5520833333333,96,1,1,1,0.001,1e-06,5,0.25,50,8,6e-04,0.3,0.15,0.8,4,1e-05,2.65,1e-06,1,0.02,0.013658,2645
180.374610186689,180.374610186689,2,1,1,0.001,1e-06,5,0.25,50,8,6e-04,0.3,0.15,0.8,4,1e-05,2.65,1e-06,1,0.02,0.016848,32535
43.9253731343284,804,1,1,1,0.001,1e-06,5,0.25,50,8,6e-04,0.3,0.15,0.8,4,1e-05,2.65,1e-06,1,0.02,0.031368,35316
28.6411192214112,822,1,1,1,0.001,1e-06,5,0.25,50,8,6e-04,0.3,0.15,0.8,4,1e-05,2.65,1e-06,1,0.02,0.04674,23543
45.9827586206897,232,1,1,1,0.001,1e-06,5,0.25,50,8,6e-04,0.3,0.15,0.8,4,1e-05,2.65,1e-06,1,0.02,0.024737,10668
63.2166666666667,240,1,1,1,0.001,1e-06,5,0.25,50,8,6e-04,0.3,0.15,0.8,4,1e-05,2.65,1e-06,1,0.02,0.031749,15172
163.425824152733,163.425824152733,1,1,1,0.001,1e-06,5,0.25,50,8,6e-04,0.3,0.15,0.8,4,1e-05,2.65,1e-06,1,0.02,0.036609,26708
158.921364202551,158.921364202551,1,1,1,0.001,1e-06,5,0.25,50,8,6e-04,0.3,0.15,0.8,4,1e-05,2.65,1e-06,1,0.02,0.016219,25256
19.9468085106383,188,1,1,1,0.001,1e-06,5,0.25,50,8,6e-04,0.3,0.15,0.8,4,1e-05,2.65,1e-06,1,0.02,0.0325,3750
15.7875647668394,193,1,1,1,0.001,1e-06,5,0.25,50,8,6e-04,0.3,0.15,0.8,4,1e-05,2.65,1e-06,1,0.02,0.047565,3047
159.962495604438,159.962495604438,1,1,1,0.001,1e-06,5,0.25,50,8,6e-04,0.3,0.15,0.8,4,1e-05,2.65,1e-06,1,0.02,0.023905,25588
45.1768292682927,164,1,1,1,0.001,1e-06,5,0.25,50,8,6e-04,0.3,0.15,0.8,4,1e-05,2.65,1e-06,1,0.02,0.027229,7409
42.8513513513514,148,1,1,1,0.001,1e-06,5,0.25,50,8,6e-04,0.3,0.15,0.8,4,1e-05,2.65,1e-06,1,0.02,0.029559,6342
158.151825787754,158.151825787754,1,1,1,0.001,1e-06,5,0.25,50,8,6e-04,0.3,0.15,0.8,4,1e-05,2.65,1e-06,1,0.02,0.015695,25012
57.2222222222222,90,1,1,1,0.001,1e-06,5,0.25,50,8,6e-04,0.3,0.15,0.8,4,1e-05,2.65,1e-06,1,0.02,0.046418,5150
27.8510638297872,235,1,1,1,0.001,1e-06,5,0.25,50,8,6e-04,0.3,0.15,0.8,4,1e-05,2.65,1e-06,1,0.02,0.016515,6545
28.056768558952,229,1,1,1,0.001,1e-06,5,0.25,50,8,6e-04,0.3,0.15,0.8,4,1e-05,2.65,1e-06,1,0.02,0.013994,6425
158.322455766704,158.322455766704,1,1,1,0.001,1e-06,5,0.25,50,8,6e-04,0.3,0.15,0.8,4,1e-05,2.65,1e-06,1,0.02,0.015248,25066
24.070652173913,184,1,1,1,0.001,1e-06,5,0.25,50,8,6e-04,0.3,0.15,0.8,4,1e-05,2.65,1e-06,1,0.02,0.067076,4429
27.9285714285714,154,1,1,1,0.001,1e-06,5,0.25,50,8,6e-04,0.3,0.15,0.8,4,1e-05,2.65,1e-06,1,0.02,0.029742,4301
25.4148936170213,94,1,1,1,0.001,1e-06,5,0.25,50,8,6e-04,0.3,0.15,0.8,4,1e-05,2.65,1e-06,1,0.02,0.014337,2389
22.9268292682927,123,1,1,1,0.001,1e-06,5,0.25,50,8,6e-04,0.3,0.15,0.8,4,1e-05,2.65,1e-06,1,0.02,0.014764,2820
159.025155242811,159.025155242811,1,1,1,0.001,1e-06,5,0.25,50,8,6e-04,0.3,0.15,0.8,4,1e-05,2.65,1e-06,1,0.02,0.014914,25289
6.80952380952381,21,1,1,1,0.001,1e-06,5,0.25,50,8,6e-04,0.3,0.15,0.8,4,1e-05,2.65,1e-06,1,0.02,0.010986,143
25.4230769230769,26,1,1,1,0.001,1e-06,5,0.25,50,8,6e-04,0.3,0.15,0.8,4,1e-05,2.65,1e-06,1,0.02,0.011766,661
165.954813126947,165.954813126947,2,1,1,0.001,1e-06,5,0.25,50,8,6e-04,0.3,0.15,0.8,4,1e-05,2.65,1e-06,1,0.02,0.012407,27541
